id,station_name,lon,lat
0,A1-01.千代田区役所,139.753281,35.693799
1,A1-03.東京区政会館（メトロA5出口）,139.747525,35.701073
2,A1-04.東京区政会館（西側駐輪場）,139.746951,35.701347
3,A1-05.富士見出張所,139.746348,35.699187
4,A1-08.飯田橋サクラテラス（早稲田通り）,139.74462,35.699132
5,A1-10.ヒューリック九段ビル,139.750784,35.696449
6,A1-12.北の丸スクエア,139.750213,35.695515
7,A1-15.富士見みらい館,139.745629,35.697167
8,A2-01.神田駿河台下,139.761585,35.695762
9,A2-02.西神田公園（北側）,139.755113,35.698591
10,A2-03.西神田公園（西側）,139.754876,35.698338
11,A2-04.ちよだプラットフォームスクウェア,139.762228,35.691456
12,A2-05.神田橋公園,139.764091,35.689665
13,A2-06.東光電気工事 別館（屋内駐輪場）,139.75701,35.69919
14,A2-08.KDX御茶ノ水ビル,139.76013,35.700568
15,A2-09.テラススクエア,139.7599,35.6931
16,A2-12.神保町三井ビルディング,139.760695,35.694532
17,A2-14.興和一橋ビル,139.759311,35.6927
18,A2-16.NTT駿河台ビル,139.763469,35.697255
19,A2-17.竹橋ビル,139.75639,35.692396
20,A2-18.猿楽町SSビル東,139.759762,35.698654
21,A2-19.猿楽町SSビル西,139.759306,35.698641
22,A2-20.神田スクエア,139.762809,35.693408
23,A2-21.神田神保町3丁目,139.754434,35.694578
24,A2-22.専修大学,139.753709,35.696147
25,A2-23.axle御茶ノ水,139.763297,35.696126
26,A2-24.水道橋駅西口前,139.752619,35.702271
27,A2-25.プラウド神田駿河台,139.76091,35.698991
28,A2-26.駿台興業,139.764409,35.698897
29,A2-27.丸紅ビル,139.759876,35.690958
30,A3-01.神田児童公園（西側交番横）,139.76773,35.692983
31,A3-02.カーサノーヴァショップ（楓ビル）,139.767848,35.689575
32,A3-04.秋葉原公園,139.774867,35.697642
33,A3-05.和泉公園（西側入口）,139.778898,35.698817
34,A3-07.淡路公園,139.767302,35.696942
35,A3-08.神田明神（神田神社）,139.768245,35.702029
36,A3-10.芳林公園（北側）,139.7698,35.701978
37,A3-11.練成公園,139.770629,35.703735
38,A3-12.秋葉原UDX北側駐輪場前,139.772855,35.70111
39,A3-13.富士ソフトビル（駐車場入口横）,139.774254,35.700486
40,A3-16.地蔵橋東児童遊園,139.775376,35.691069
41,A3-18.美倉橋北児童遊園,139.779928,35.69703
42,A3-19.神田ふれあい通り第１,139.772712,35.694904
43,A3-20.神田ふれあい通り第２,139.772747,35.695005
44,A3-21.神田ふれあい通り第３,139.772832,35.695176
45,A3-22.龍閑児童公園,139.779702,35.693234
46,A3-24.岩本町ほほえみプラザ,139.777715,35.69441
47,A3-25.神田駅北(神田警察通り),139.770572,35.692862
48,A3-27.秋葉原駅中央口（ヨドバシカメラ前）,139.774453,35.699155
49,A3-28.秋葉原駅電気街口(西側交通広場),139.772629,35.699173
50,A3-34.マーチエキュート神田万世橋,139.769895,35.697193
51,A3-35.ドコモ･バイクシェア　サイクルステーション前,139.770157,35.697036
52,A3-36.クロックカフェ東神田,139.782718,35.694943
53,A3-37.ポータル秋葉原,139.78162,35.695737
54,A3-38.パークホームズ千代田淡路町,139.769566,35.695163
55,A3-39.トーシン東神田ビル,139.780333,35.694834
56,A3-41.秋葉原ダイビル,139.771856,35.698917
57,A3-42.内神田3丁目,139.770109,35.692599
58,A3-43.unito CHIYODA,139.77929,35.69474
59,A3-44. THE WAVES AKIHABARA,139.779504,35.694679
60,A4-01.丸ビル（南側駐輪場）,139.763699,35.680619
61,A4-02.東京サンケイビル,139.765151,35.686847
62,A4-03.東京国際フォーラム（メトロD5出口）,139.763329,35.675843
63,A4-05.大手町タワー,139.764886,35.685938
64,A4-06.大手町ファーストスクエア,139.764472,35.686037
65,A4-08.永代通り（大手町駅B2c出口前）,139.766958,35.684349
66,A4-11.二重橋前駅(メトロ4番出口),139.762069,35.680753
67,A4-12.東京ミッドタウン日比谷,139.759111,35.674274
68,A4-13.アーバンネット大手町ビル,139.766929,35.68557
69,A4-14.東京国際フォーラム（有楽町駅ガード側）,139.763712,35.675739
70,A4-15.TOKIWAブリッジ,139.769237,35.686389
71,A5-02.山王パークタワー,139.741293,35.673555
72,A5-03.参議院第二別館（永田町駅2番出口）,139.74271,35.677763
73,A5-04.日比谷パークフロント前　日比谷公園南面向い歩道上,139.753952,35.671514
74,A5-07.富国生命ビル,139.75557,35.670452
75,A6-01.東郷元帥記念公園（南側）,139.740178,35.689879
76,A6-02.いきいきプラザ一番町（西側駐輪場）,139.739327,35.687031
77,A6-07.二番町センタービル,139.736328,35.685966
78,A6-08.二番町ガーデン,139.734562,35.685489
79,A6-09.紀尾井町ビル（北側）,139.736494,35.682902
80,A6-10.紀尾井町ビル（西側）,139.736494,35.682516
81,A6-11.東京ガーデンテラス紀尾井町,139.7364,35.67962
82,A6-13.番町会館,139.733071,35.689131
83,A6-14.MG市ヶ谷ビルディング,139.736393,35.690861
84,A6-15.東急番町ビル,139.7358,35.688929
85,A6-16.一番町第二TGビル,139.744321,35.688351
86,A6-17.東京ガーデンテラス紀尾井町（プリンス通り側）,139.738203,35.680431
87,A6-19.東急四谷ビル,139.732078,35.685578
88,A6-20.紀尾井町PREX,139.736936,35.68369
89,A6-21.日本工営ビル,139.734442,35.684584
90,A6-22.半蔵門PREX South,139.740756,35.683433
91,A6-23.セブン-イレブン 千代田三番町店,139.745316,35.689466
92,A6-24.国立劇場,139.743292,35.682218
93,A6-25.麹町仮住宅,139.74019,35.679192
94,B1-01.十思公園,139.777915,35.691058
95,B1-02.堀留児童公園（西側）,139.778957,35.686864
96,B1-03.常盤公園（北側）,139.770068,35.688405
97,B1-04.産業会館,139.787057,35.694164
98,B1-05.日本橋保健センター,139.779053,35.687419
99,B1-06.伊場仙ビル,139.777125,35.687624
100,B1-08.明治座,139.786561,35.688038
101,B1-09.スマイルホテル日本橋三越前,139.776089,35.686101
102,B1-10.箱崎川第二公園,139.784267,35.680833
103,B1-11.浜町川緑道,139.787649,35.684158
104,B1-12.ファミリーマート堀留町二丁目店,139.78205,35.687786
105,B1-15.ロイヤルパークホテル,139.78722,35.682332
106,B1-16.小網町児童遊園,139.780043,35.683695
107,B1-18.セブン-イレブン 日本橋小網町店,139.781436,35.681352
108,B1-20.竜閑さくら橋際街角広場,139.768958,35.688301
109,B1-21.日本橋二丁目街角広場,139.774493,35.680861
110,B1-22.新呉服橋ビル,139.771895,35.683445
111,B1-23.NANAEI 日本橋,139.784341,35.679616
112,B1-24.SOHO30,139.78168,35.68959
113,B1-25.HUBHUB,139.780682,35.687738
114,B1-26.in the Hood 日本橋,139.78112,35.68802
115,B1-27.日本橋本町4丁目,139.77598,35.68973
116,B2-01.鉄砲洲児童公園（西側）,139.779348,35.67224
117,B2-02.柳通り（東京スクエアガーデン前）,139.768319,35.676393
118,B2-03.女性センター（ブーケ21）,139.778671,35.673923
119,B2-04.清水建設本社（都営地下鉄宝町駅 Ａ８出口）,139.772895,35.676119
120,B2-05.ＮＴＴ東日本築地ビル,139.775993,35.670674
121,B2-07.東京証券会館（北側）,139.779331,35.680864
122,B2-08.共同ビル（茅場町交差点前）,139.778569,35.681012
123,B2-09.茅場町一丁目平和ビル,139.778679,35.680203
124,B2-10.東京ダイヤビルディング（北側）,139.785229,35.675702
125,B2-11.京橋エドグラン,139.769822,35.677576
126,B2-12.東京ダイヤビルディング（東側）,139.785656,35.674835
127,B2-15.KABUTO ONE,139.77825,35.68168
128,B2-16.ホテルサードニクス東京,139.77876,35.67684
129,B2-17.アーバネックス八丁堀,139.77364,35.67518
130,B2-18.旭ビルディング,139.78157,35.678291
131,B3-01.中央区役所,139.772052,35.670855
132,B3-02.京橋図書館,139.771911,35.670336
133,B3-04.築地市場駅地下駐輪場,139.767426,35.664265
134,B3-05.興和住生築地ビル,139.775443,35.664129
135,B3-06.朝日新聞東京本社,139.767214,35.664457
136,B3-09.築地永谷コーポラス,139.776313,35.66523
137,B3-12.築地場外市場,139.769301,35.665254
138,B3-13.国立がん研究センター,139.767188,35.664871
139,B3-15.ACホテル・バイ・マリオット東京銀座,139.765144,35.668845
140,B3-16.明石町区民館,139.778102,35.666001
141,B3-17.銀座6丁目-SQUARE,139.76643,35.66711
142,B3-18.銀座松竹スクエア,139.769849,35.668395
143,B4-01.黎明橋公園（駐輪場）,139.780068,35.656071
144,B4-02.月島特別出張所,139.782719,35.662197
145,B4-03.桜の散歩道（晴海トリトンスクエア前）,139.782553,35.658665
146,B4-04.ＫＤＸ晴海ビル,139.77843,35.65443
147,B4-05.ドコモ・バイクシェア晴海ポート,139.781568,35.654165
148,B4-06.月島駅地下駐輪場,139.782564,35.66291
149,B4-07.勝どき駅地下駐輪場,139.776131,35.658135
150,B4-08.東京ミッドベイ勝どき（西仲通り）,139.771302,35.656449
151,B4-10.リバーシティ,139.784784,35.668795
152,B4-11.ダンスキューブ勝どき,139.775073,35.656565
153,B4-12.THE TOKYO TOWERS,139.774556,35.655497
154,B4-14.Brillia ist Tower 勝どき,139.776816,35.660526
155,B4-15.リバーシティ　イーストタワーズ,139.785301,35.669188
156,B4-18.豊海センタービル,139.769431,35.653531
157,B4-19.コーシャタワー佃,139.785801,35.668044
158,B4-21.月島駅前第一駐輪場,139.785651,35.663681
159,B4-22.リビオレゾン勝どきNEX,139.77102,35.65554
160,B4-23.交通広場（豊海町）,139.769295,35.653771
161,B4-24.ミュプレ月島,139.7833,35.66297
162,C1-01.虎ノ門1丁目暫定自転車置場（外堀通り）,139.751179,35.669596
163,C1-02.西新橋1丁目（外堀通り）,139.753582,35.668791
164,C1-04.虎ノ門ヒルズ,139.748804,35.666527
165,C1-05.西新橋2丁目（新虎通り）,139.752617,35.665593
166,C1-09.愛宕グリーンヒルズ,139.748132,35.662051
167,C1-14.新橋プラザビル,139.756082,35.664461
168,C1-15.東京タワー,139.745571,35.657847
169,C1-16.機械振興会館,139.745549,35.659442
170,C1-17.港区役所,139.751068,35.657866
171,C1-21.汐留ビルディング,139.75918,35.657363
172,C1-23.三田いきいきプラザ,139.749834,35.648637
173,C1-24.三田国際ビル,139.744673,35.653159
174,C1-27.虎ノ門2丁目タワー,139.747175,35.668547
175,C1-34.城山ガーデン,139.743731,35.664479
176,C1-35.セブン-イレブン 三田駅北店,139.750147,35.649032
177,C1-37.KDX西新橋ビル（北側）,139.750827,35.665218
178,C1-38.KDX西新橋ビル（西側）,139.750459,35.66495
179,C1-41.港区立エコプラザ,139.757036,35.658709
180,C1-43.KDX浜松町プレイス,139.752509,35.658169
181,C1-44.三田Avanti,139.741471,35.64115
182,C1-45.浜松町クレアタワー,139.755927,35.656324
183,C1-46.新虎通りCORE,139.754054,35.665124
184,C1-47.パークプレイス三田,139.740734,35.641791
185,C1-48.竹芝客船ターミナル,139.762812,35.655139
186,C1-49.汐留シティセンター,139.760907,35.666213
187,C1-50.NTT虎ノ門ビル,139.748008,35.666075
188,C1-51.環二新橋四丁目,139.757697,35.663843
189,C1-52.NTT三田ビル,139.747789,35.652549
190,C1-53.ホテルリブマックス新橋,139.754612,35.661149
191,C1-54.ニッセイ虎ノ門ビル,139.746662,35.664344
192,C1-55.アーバンネット内幸町ビル,139.756018,35.669267
193,C1-56.鈴与竹芝ビル,139.762103,35.654873
194,C1-57.虎ノ門ツインビルディング,139.745643,35.667259
195,C1-58.ウォーターズ竹芝,139.763251,35.655937
196,C1-59.セレスティン芝三井ビルディング,139.748346,35.650845
197,C1-60.専売ビル,139.745055,35.647659
198,C1-61.環三浜松町駅南,139.75739,35.653096
199,C1-62.麻布プラザ‐新橋スタジオ,139.754561,35.662948
200,C1-63.芝公園二丁目,139.749933,35.653567
201,C1-64.東京虎ノ門グローバルスクエア,139.749261,35.669941
202,C1-65.東京ポートシティ竹芝,139.761516,35.654757
203,C1-67.京阪神 虎ノ門ビル,139.751668,35.669228
204,C1-68.桜田公園,139.757008,35.665214
205,C1-69.塩釜公園,139.755014,35.662908
206,C1-70.三田三丁目（聖坂）,139.743563,35.647085
207,C1-71.芝商業高校前交差点,139.759896,35.65583
208,C1-72.新田町ビル,139.746428,35.646307
209,C1-73.日比谷フォートタワー,139.753147,35.669871
210,C1-74.札の辻スクエア,139.744567,35.645115
211,C1-75.虎ノ門PFビル,139.748014,35.665466
212,C1-76.浜松町駅北口交通広場(ハマサイト前),139.758301,35.656647
213,C2-01.アークヒルズ（アーク森ビル）,139.739565,35.667107
214,C2-02.六本木ヒルズ,139.728533,35.661158
215,C2-03.アークヒルズサウスタワー,139.73923,35.666357
216,C2-04.飯倉いきいきプラザ,139.740739,35.656991
217,C2-05.ありすいきいきプラザ,139.727745,35.651046
218,C2-08.ファミリーマート西麻布霞町店,139.721118,35.661673
219,C2-09.麻布地区総合支所,139.734771,35.660614
220,C2-10.元麻布三丁目,139.730566,35.655865
221,C2-11.一の橋,139.737491,35.654726
222,C2-12.六本木ファーストビル,139.741397,35.66249
223,C2-13.麻布運動場,139.728165,35.651718
224,C2-14.元麻布ヒルズ,139.73138,35.653608
225,C2-15.住友不動産六本木グランドタワー,139.737185,35.664367
226,C2-16.ザ・ベルグレイヴィア麻布,139.743821,35.657264
227,C2-18.ブランシェ東麻布,139.743224,35.656769
228,C2-19.広尾駅,139.72256,35.650732
229,C2-20.三井ガーデンホテル六本木プレミア,139.735501,35.66206
230,C2-22.飯倉公園,139.74427,35.655649
231,C2-24.intheHood 東麻布,139.744449,35.655135
232,C3-02.赤坂地区総合支所,139.731423,35.674788
233,C3-06.ホテルアジア会館,139.728166,35.67064
234,C3-07.新青山ビル,139.725644,35.672659
235,C3-08.赤坂パークビルヂング,139.733668,35.671792
236,C3-10.ファミリーマート特許庁前店,139.744684,35.670364
237,C3-11.赤坂見附南,139.737083,35.676566
238,C3-12.赤坂センタービルディング前（青山通り）,139.733905,35.676732
239,C3-16.赤坂ガーデンシティ,139.731525,35.6738
240,C3-17.セブン-イレブン 港区溜池山王店,139.743242,35.670308
241,C3-18.明治記念館,139.721207,35.678509
242,C3-19.明治記念館西,139.720809,35.678179
243,C3-22.OMO3東京赤坂 by 星野リゾート,139.736053,35.674929
244,C3-23.LIFORK 南青山 北エントランス,139.725701,35.669916
245,C3-24.SHARE GREEN 南青山 西エントランス,139.724676,35.668419
246,C3-26.ホテルリブマックス赤坂,139.733375,35.67011
247,C3-27.the ARGYLE aoyama,139.716025,35.669742
248,C3-28.ヒューリックＪＰ赤坂ビル,139.739743,35.672477
249,C3-29.高橋是清翁記念公園,139.728895,35.674094
250,C4-01.高輪地区総合支所(5F),139.734519,35.641833
251,C4-02.白金台いきいきプラザ,139.724981,35.63756
252,C4-04.ショパン高輪,139.732097,35.632128
253,C4-05.白金台駅自転車駐車場,139.727083,35.638927
254,C4-06.白金プラチナレジデンス,139.723432,35.644134
255,C4-07.品川プリンスホテル,139.734171,35.628266
256,C4-09.ケーヨーデイツー三田店,139.740061,35.646375
257,C4-10.亀塚公園,139.741174,35.642764
258,C4-11.ザ・パークハウス三田ガーデン,139.737991,35.64816
259,C4-12.高輪ゲートウェイ駅前,139.739462,35.6339
260,C4-13.コシダコネクトビル,139.739128,35.637765
261,C5-01.こうなん星の公園,139.742167,35.629697
262,C5-02.港南緑水公園,139.750731,35.628955
263,C5-03.港南公園C,139.746657,35.624966
264,C5-04.みなとパーク芝浦,139.751208,35.646801
265,C5-06.品川シーズンテラス,139.742393,35.632303
266,C5-07.港区立港南図書館,139.7495,35.632842
267,C5-08.AQUACITY芝浦,139.74844,35.637366
268,C5-09.グランパーク,139.746244,35.643202
269,C5-10.シーバンス,139.756068,35.649959
270,C5-11.フェイバリッチタワー品川,139.749767,35.631729
271,C5-12.第2東運ビル,139.748281,35.633742
272,C5-13.区立芝浦西運河沿緑地,139.749754,35.638245
273,C5-14.セブン-イレブン 港区汐彩橋店,139.753659,35.640481
274,C5-15.セブン-イレブン 港区芝浦ふ頭店,139.755971,35.640215
275,C5-16.品川インターシティ,139.742174,35.626704
276,C5-17.鈴与浜松町ビル,139.759092,35.651103
277,C5-18.パークタワー品川ベイワード,139.748378,35.634529
278,C5-19.グランドメゾン田町,139.754899,35.645537
279,C5-20.ローソン芝浦二丁目店,139.754765,35.645254
280,C5-21.セブン-イレブン 芝浦3丁目店,139.746992,35.642399
281,C5-24.GLOBAL FRONT TOWER,139.755534,35.647713
282,C5-25.NEX-TEC芝浦,139.755551,35.639571
283,C5-26.ピアシティ芝浦ビル,139.756216,35.644155
284,C5-27.プレミア海岸ビル,139.757895,35.648948
285,C5-28.芝浦ルネサイトタワー,139.7506,35.643683
286,C5-29.Hi-NODE（ハイノード）,139.760549,35.651672
287,C5-30.フェイム芝浦インターウェーブ,139.75391,35.647872
288,C5-31.ヒルトン東京お台場,139.771438,35.626267
289,C5-32.トレードピアお台場,139.776896,35.627891
290,C5-33.msb Tamachi,139.748768,35.645682
291,C5-34.五色橋ビル,139.751798,35.636644
292,C5-35.品川駅港南口,139.741135,35.62822
293,C5-36.お台場海浜公園駅,139.778178,35.62974
294,C5-37.台場駅,139.772453,35.626388
295,C5-38.お台場海浜公園乗船場,139.773915,35.628743
296,C5-39.お台場海浜公園東,139.778109,35.631021
297,C5-40.芝浦ふ頭駅前暫定自転車駐車場,139.75754,35.64096
298,C5-41.トヨタモビリティ東京 芝浦店,139.745532,35.639644
299,C5-42.DHC芝浦2丁目ビル,139.753834,35.644241
300,C5-43.オアーゼ芝浦MJビル,139.752697,35.644798
301,C5-44.ブランズタワー芝浦,139.753039,35.643105
302,C5-45.パークアクシス芝浦キャナル,139.755688,35.644794
303,C5-46.ウエリスアーバン品川タワー,139.746875,35.630961
304,C5-47.oak港南品川,139.744831,35.62413
305,D1-01.花園西公園,139.711631,35.690612
306,D1-02.四谷特別出張所（新宿御苑大木戸門前）,139.714169,35.687435
307,D1-03.新左門児童遊園,139.720519,35.684523
308,D1-04.四谷見附公園,139.728425,35.683448
309,D1-06.四谷第六小学校北,139.715256,35.681754
310,D1-07.Belleビル,139.710091,35.689757
311,D1-08.新宿歴史博物館,139.725261,35.689984
312,D1-09.NTT四谷ビル,139.712079,35.691188
313,D1-10.曙橋駐輪場,139.724365,35.691888
314,D1-11.三井ガーデンホテル神宮外苑の森プレミア,139.715931,35.679807
315,D1-12.ジェノビィア新宿御苑グリーンヴェール,139.714755,35.689017
316,D1-13.新宿御苑新宿門【西側】,139.706536,35.688945
317,D1-14.コモレ四谷,139.72818,35.68752
318,D1-15.フロンティア四谷,139.71937,35.68768
319,D2-01.あずさセンタービル,139.741093,35.702286
320,D2-06.飯田濠,139.74301,35.70057
321,D2-07.ファミリーマート東五軒町店,139.739839,35.707066
322,D2-08.旧市ヶ谷商業高校,139.731363,35.70074
323,D2-09.セブン-イレブン 新宿岩戸町店,139.736355,35.700993
324,D2-10.市谷砂土原町3丁目,139.735776,35.696242
325,D2-11.神楽坂アインスタワー,139.739,35.702833
326,D2-12.ヴィアイン飯田橋後楽園,139.743366,35.705774
327,D2-13.THE CENTER TOKYO,139.725722,35.695646
328,D2-14.ローソン 神楽坂北店,139.735815,35.704201
329,D2-15.ロードス神楽坂ホテル,139.733319,35.698728
330,D2-17.genten 市ヶ谷店,139.73255,35.690657
331,D3-03.甘泉園公園,139.715418,35.712431
332,D3-04.鶴巻南公園,139.723394,35.706182
333,D3-06.セブン-イレブン高田馬場3丁目中央店,139.698301,35.713872
334,D3-07.戸塚特別出張所,139.70507,35.71429
335,D3-08.ホテルリブマックス高田馬場駅前,139.701356,35.712952
336,D3-09.西早稲田3丁目,139.713319,35.712545
337,D3-11.コルティーレ高田馬場,139.703844,35.709599
338,D3-13.ダーウィン神楽坂,139.730311,35.705405
339,D3-14.コーシャハイム高田馬場,139.70168,35.712413
340,D3-15.カースルいずみ,139.711976,35.711324
341,D4-01.市谷仲之町,139.723345,35.695102
342,D4-02.JICA市ヶ谷ビル(地球ひろば／研究所）,139.731328,35.694927
343,D4-03.市谷加賀町2丁目,139.727882,35.695636
344,D4-04.ジェノヴィア新宿早稲田グリーンヴェール,139.71983,35.700033
345,D4-05.カスタリア新宿7丁目,139.711472,35.700732
346,D4-06.グリーンフォート河田,139.718739,35.697143
347,D4-07.新宿余丁町ビル,139.716482,35.698512
348,D4-08.若松町6番,139.721608,35.699836
349,D4-09.トミンハイム仲之町,139.722021,35.69617
350,D5-01.新宿コズミックセンター,139.70841,35.705244
351,D5-03.北新宿公園,139.68862,35.702288
352,D5-04.西戸山公園野球場,139.700204,35.707388
353,D5-05.中央図書館,139.706841,35.705018
354,D5-07.セブン-イレブン 新宿大久保駅南口店,139.697606,35.699252
355,D5-08.ウエリス新宿早稲田の森,139.708397,35.704597
356,D5-09.ハウジングステージ新宿,139.701214,35.702277
357,D5-10.桜美林大学 新宿キャンパス,139.697562,35.705154
358,D5-11.NTTコミュニケーションズ新宿ビル,139.696468,35.699312
359,D6-01.新宿区役所本庁舎,139.703121,35.693833
360,D6-02.新宿区役所第二分庁舎,139.706134,35.693976
361,D6-03.新宿中央公園（ポケットパーク）,139.690029,35.691559
362,D6-05.新宿中央公園（水の広場）,139.690219,35.690474
363,D6-06.新宿中央公園（エコギャラリー下）,139.687966,35.691199
364,D6-07.新宿フロントタワー,139.689806,35.696055
365,D6-08.新宿イーストサイドスクエア,139.707887,35.697158
366,D6-10.ホテルサンライト新宿,139.707047,35.694201
367,D6-11.ホテルリステル新宿,139.711327,35.693029
368,D6-12.東京ビジネスホテル,139.710568,35.69342
369,D6-13.新宿中央公園（ジャブジャブ池下）,139.689254,35.687652
370,D6-14.新宿ファーストウエスト,139.695995,35.689529
371,D6-15.住友不動産西新宿ビル,139.695911,35.69465
372,D6-18.ヨドバシカメラ 新宿西口本店前,139.698231,35.689689
373,D6-19.西新宿五丁目中央,139.686508,35.693373
374,D6-20.淀橋けやき橋公園,139.685806,35.693544
375,D6-21.新宿5丁目,139.711233,35.691613
376,D6-23.アパホテル 東新宿 歌舞伎町西,139.703633,35.697535
377,D6-24.ＮＴＴ東日本 本社ビル,139.688852,35.683102
378,D6-25.新宿駅東南口自転車駐輪場,139.701323,35.689755
379,D6-26.セブン-イレブン新宿６丁目文化センター通り店,139.708219,35.694951
380,D6-27.新宿三井ビルディング二号館,139.692881,35.686334
381,D6-28.東急ステイ新宿,139.706348,35.690899
382,D6-29.都庁第二本庁舎前,139.692249,35.688735
383,D6-30.京王プラザホテル,139.694823,35.6897
384,D7-01.下落合図書館,139.698578,35.715894
385,D7-02.セブン-イレブン 新宿中落合3丁目店,139.691712,35.722202
386,D7-03.中井駅北,139.687486,35.715645
387,D7-04.セブン-イレブン 新宿下落合3丁目店,139.701982,35.722645
388,D7-05.西落合図書館,139.678976,35.725818
389,D7-06.エムアイセミナーハウス,139.677128,35.721064
390,D7-07.ローソン 新宿西落合三丁目店,139.675897,35.725171
391,D7-08.上落合3丁目,139.68232,35.71115
392,D7-09.大栄パーク西落合,139.678792,35.71966
393,D7-10.染の里 おちあい,139.689788,35.715211
394,D7-11.新宿清掃事務所,139.704377,35.716359
395,D7-12.プラウド高田馬場,139.701683,35.715538
396,E1-01.後楽橋横,139.752009,35.702746
397,E1-02.東京ドーム（ミーツポート）,139.754951,35.70311
398,E1-03.東京ドーム（黄色いビル横）,139.751888,35.70319
399,E1-04.礫川公園,139.751518,35.707853
400,E1-05.春日地下自転車駐車場,139.753335,35.708291
401,E1-06.文京シビックセンター,139.751983,35.708265
402,E1-07.礫川地域活動センター,139.750284,35.712015
403,E1-11.小石川運動場前,139.747061,35.703914
404,E1-13.エルアージュ小石川,139.75137,35.71399
405,E1-14.いきいき礫川,139.747386,35.711147
406,E1-15.播磨坂事業所,139.74289,35.71724
407,E1-16.小石川3丁目緑地,139.746346,35.714338
408,E1-17.小石川パークスクエア,139.745416,35.713913
409,E1-18.アーバネックス小石川春日,139.746374,35.709261
410,E2-01.江戸川橋Ｂ自転車駐車場,139.732137,35.710381
411,E2-02.江戸川公園,139.731165,35.710958
412,E2-03.目白台運動公園,139.721988,35.715556
413,E2-05.護国寺駅西自転車駐車場,139.725584,35.719421
414,E2-06.oto no ha Cafe,139.725665,35.713991
415,E2-07.肥後細川庭園,139.721699,35.713223
416,E2-10.音羽パークロード（北入口）,139.727705,35.716586
417,E2-11.音羽パークロード（キャッチボール場横）,139.728533,35.715382
418,E2-12.水道2丁目,139.739183,35.709147
419,E2-13.デルックス文京神楽坂,139.732227,35.70781
420,E3-01.大塚地域活動センター,139.734556,35.718656
421,E3-02.教育の森公園,139.736198,35.719345
422,E3-03.大塚公園,139.730954,35.724286
423,E3-05.文京スポーツセンター,139.735687,35.721045
424,E3-07.小日向1丁目,139.737009,35.713388
425,E3-08.サガラマンション,139.734662,35.722833
426,E4-01.千石南自転車駐車場,139.746112,35.72707
427,E4-02.向丘地域活動センター,139.757817,35.717357
428,E4-03.昭和小学校北側（不忍通り）,139.748625,35.73166
429,E4-04.セブン-イレブン 文京本駒込１丁目店,139.750469,35.724707
430,E4-07.ファミリーマート 本駒込二丁目店,139.74627,35.727279
431,E4-08.ドコモ・バイクシェア向丘ポート,139.756685,35.720546
432,E4-10.白山四丁目第二児童遊園横,139.746924,35.720349
433,E4-11.プライマル千石,139.742815,35.727519
434,E4-12.文京宮下公園,139.739306,35.729728
435,E4-14.NTT東日本大塚ビル,139.741375,35.726188
436,E4-15.千石4丁目,139.741368,35.729153
437,E4-16.ビレッジワン,139.740143,35.723723
438,E5-01.文京総合体育館,139.763583,35.708121
439,E5-02.不忍通りふれあい館,139.764308,35.719356
440,E5-03.汐見地域活動センター（本郷図書館）,139.76116,35.725538
441,E5-04.保健サービスセンター本郷支所,139.760439,35.727046
442,E5-05.駒込地域活動センター,139.752183,35.728644
443,E5-07.湯島三丁目児童遊園,139.769393,35.707296
444,E5-08.セブン-イレブン 文京動坂上店,139.756296,35.727778
445,E5-09.文京区 男女平等センター,139.75768,35.70861
446,E5-10.ホテル東京ガーデンパレス,139.764654,35.702621
447,E5-11.ホテル東京ガーデンパレス 地下駐車場,139.765144,35.702769
448,E5-12.NK本郷ビル,139.763041,35.704475
449,E5-13.弥生二丁目,139.76192,35.715592
450,E5-14.上野広小路駅（湯島側）,139.771857,35.707313
451,E5-15.文京区千駄木の郷,139.759884,35.726499
452,E5-17.Village藍染,139.76422,35.720896
453,E5-18.団子坂上広場,139.75903,35.724921
454,E5-19.千駄木公園,139.757629,35.728333
455,E5-20.本郷2丁目,139.758575,35.704391
456,E5-21.動坂公園,139.756669,35.73176
457,E5-22.千駄木2丁目,139.762583,35.724828
458,E5-23.ビレッジ千駄木,139.760966,35.722353
459,E5-24.本郷６丁目,139.758157,35.712445
460,E5-25. ジェノヴィア東大前グリーンヴェール,139.759306,35.711875
461,E5-26.本郷4丁目,139.758269,35.708596
462,E5-27.真正館駐車場,139.76394,35.714875
463,E5-28.松坂屋上野店,139.773657,35.707305
464,E5-29.本郷2丁目駐車場,139.76083,35.704156
465,E5-30.湯島3丁目15,139.769314,35.705148
466,G2-01.東京ソラマチ,139.810189,35.709777
467,G2-02.押上1-23-8,139.81488,35.710111
468,G2-03.押上１丁目２６-４,139.815215,35.710323
469,G4-01.両国ビューホテル1,139.79214,35.69566
470,G4-02.両国ビューホテル2,139.79206,35.69562
471,G4-03.本所1-6-5,139.796632,35.702525
472,G4-04.NTTドコモ墨田ビル,139.795345,35.697898
473,G4-05.両国駅西口臨時自転車駐車場,139.792946,35.698588
474,G5-01.牡丹橋自転車駐車場,139.813417,35.693059
475,G5-02.横川3-7-10,139.814298,35.70378
476,H1-01.豊洲ＩＨＩビル前（晴海通り）,139.792531,35.658911
477,H1-02.豊洲駅,139.79626,35.654196
478,H1-03.東雲駅,139.804331,35.640736
479,H1-04.石と光の広場（国際展示場駅）,139.790468,35.633551
480,H1-05.相鉄グランドフレッサ 東京ベイ有明,139.79017,35.632148
481,H1-06.武蔵野大学,139.786618,35.630185
482,H1-07.青海駅,139.781604,35.625271
483,H1-08.東京テレポート駅,139.779779,35.627087
484,H1-10.出会い橋,139.777344,35.625029
485,H1-100.URアーバンライフ亀戸,139.821855,35.697935
486,H1-101.ファミリーマート新木場一丁目店,139.836766,35.642571
487,H1-102.ファミリーマート東砂七丁目店,139.837914,35.672714
488,H1-103.清澄庭園,139.796917,35.680948
489,H1-104.木場公園,139.809616,35.676488
490,H1-105.猿江恩賜公園,139.817491,35.692277
491,H1-106.亀戸中央公園,139.834057,35.699072
492,H1-107.大島小松川公園,139.846346,35.692641
493,H1-108.Brillia ist 東雲キャナルコート北側,139.803125,35.648431
494,H1-109.Brillia ist 東雲キャナルコート東側,139.803487,35.648008
495,H1-11.テレコムセンター駅,139.778698,35.61813
496,H1-111.ファミリーマート木場六丁目店,139.80779,35.66688
497,H1-112.ファミリーマート江東塩浜二丁目店,139.8087,35.66305
498,H1-113.123+N東雲店,139.801492,35.646366
499,H1-114.東京夢の島マリーナ,139.830691,35.651987
500,H1-115.東京夢の島マリーナ 第4駐車場,139.835993,35.650235
501,H1-116.出会い橋高架下,139.777646,35.625037
502,H1-117.東京パークサイドビル,139.808561,35.671225
503,H1-118.ファミリーマート亀戸駅前店,139.825484,35.69839
504,H1-119.榎戸材木店,139.834741,35.638319
505,H1-120.豊洲5丁目,139.799711,35.650948
506,H1-121.南砂５丁目,139.829736,35.676603
507,H1-122.東砂スポーツセンター,139.839746,35.679167
508,H1-123.ダイワロイネットホテル東京有明,139.793199,35.634316
509,H1-124.セブン-イレブン 江東海辺店,139.817977,35.680636
510,H1-127.古石場川親水公園,139.795364,35.669291
511,H1-128.豊洲市場（5街区）,139.785386,35.645162
512,H1-129.豊洲市場（6街区）,139.783879,35.644754
513,H1-13.アーバンドック ららぽーと豊洲,139.792376,35.654067
514,H1-130.トヨタモビリティ東京　深川南・北店,139.816054,35.676643
515,H1-131.セブン-イレブン 江東佐賀2丁目店,139.793535,35.679029
516,H1-132.セブン-イレブン 江東三好4丁目店,139.809287,35.681418
517,H1-133.北砂2丁目公園,139.825809,35.679001
518,H1-134.豊洲ぐるり公園,139.777634,35.643006
519,H1-135.北砂5丁目団地,139.832843,35.684218
520,H1-136.東砂一丁目公園,139.839763,35.683542
521,H1-137.住友不動産ショッピングシティ有明ガーデン,139.793653,35.638985
522,H1-138.HW.HILLS新大橋,139.795588,35.687416
523,H1-139.ローソン清澄三丁目店,139.797961,35.681867
524,H1-14.ホテルリブマックス東京潮見駅前,139.818229,35.658351
525,H1-140.キャナルパレス住吉,139.815116,35.689896
526,H1-141.スーパーホテル東京・亀戸,139.822886,35.699043
527,H1-142.東京ベイ潮見プリンスホテル,139.817294,35.660632
528,H1-143.ダイバーシティー東京 プラザ,139.776006,35.624619
529,H1-144.南砂住宅,139.822018,35.674199
530,H1-145.東雲都橋住宅,139.797784,35.643131
531,H1-146.ホテルルートインGrand東京東陽町,139.816819,35.668058
532,H1-147.大島四丁目団地,139.827075,35.68744
533,H1-148.大島七丁目団地,139.840278,35.694104
534,H1-149.有明ガーデン　公園口,139.793047,35.639132
535,H1-150.ヴィラフォンテーヌ南側,139.791858,35.636978
536,H1-151.レオーネ錦糸町,139.819973,35.701347
537,H1-152.コンポジット亀戸ウエスト,139.82429,35.699187
538,H1-153.三井リンクラボ新木場1,139.823534,35.63851
539,H1-154.やぐら橋下,139.792726,35.631132
540,H1-155.メブクス豊洲,139.784496,35.645726
541,H1-156.つどい橋下（旧臨時ポートH1-06）,139.787396,35.630791
542,H1-157.ダイナム砂町銀座店,139.827917,35.679411
543,H1-158.東京国際交流館　,139.776833,35.621845
544,H1-159.夢の大橋西 (旧臨時ポートH1-08),139.782953,35.627599
545,H1-16.豊洲三丁目公園,139.796629,35.657477
546,H1-160.花の広場,139.793322,35.633908
547,H1-161.昭文社制作本部ビル,139.794983,35.684003
548,H1-163.森下公園,139.799529,35.68663
549,H1-164.森下三丁目第三児童遊園,139.80244,35.68546
550,H1-165.亀戸梅屋敷,139.825916,35.701318
551,H1-166.亀戸クロック,139.82972,35.696574
552,H1-167.大島八丁目公園,139.838932,35.688074
553,H1-168.大島五丁目公園,139.836151,35.68642
554,H1-169.セブンイレブン江東亀戸7丁目東店,139.839835,35.697157
555,H1-17.東雲水辺公園,139.80469,35.64704
556,H1-170.セブンイレブン江東亀戸7丁目南店,139.838017,35.695937
557,H1-171.LOGI’Q南砂町,139.842339,35.672877
558,H1-172.サンヨーパシフィックマンション,139.794069,35.668856
559,H1-173.森下駅前,139.79654,35.687837
560,H1-174.ジュネス(エントランス側),139.823961,35.682712
561,H1-18.東京ビックサイト,139.79401,35.631192
562,H1-19.UR豊洲四丁目団地,139.80144,35.653603
563,H1-20.日本科学未来館,139.777582,35.619377
564,H1-21.UR東雲キャナルコート,139.804495,35.646041
565,H1-22.豊洲市場（7街区）,139.784512,35.6447
566,H1-23.KDX豊洲グランスクエア,139.798986,35.648085
567,H1-26.青海客船ターミナル,139.774485,35.619234
568,H1-27.パレットタウン乗船場,139.781305,35.624467
569,H1-28.有明客船ターミナル,139.792209,35.630063
570,H1-29.スカイズタワー＆ガーデン,139.792152,35.647618
571,H1-30.江東区役所（北側）,139.8164,35.67338
572,H1-31.江東区役所（南側）,139.8166,35.67214
573,H1-32.区営塩浜住宅前,139.813954,35.664591
574,H1-33.深川ギャザリア（ウエストスクエア）,139.803,35.66789
575,H1-34.門前仲町駅,139.796165,35.67391
576,H1-35.ヒューリック豊洲プライムスクエア,139.797724,35.652376
577,H1-36.フジゴルフセンター,139.806699,35.66605
578,H1-37.東雲駅（東京湾岸道路）,139.802455,35.640618
579,H1-38.辰巳駅西口自転車駐車場,139.808912,35.646857
580,H1-39.辰巳駅東口自転車駐車場,139.812178,35.645823
581,H1-40.深川東京モダン館,139.795008,35.674076
582,H1-41.深川北スポーツセンター,139.804741,35.676475
583,H1-42.江東区スポーツ会館,139.821559,35.683961
584,H1-43.東京イースト21,139.815255,35.675639
585,H1-44.テプコ豊洲ビル,139.790622,35.646866
586,H1-45.夢の島競技場,139.824936,35.648596
587,H1-46.セブン-イレブン 江東枝川2丁目店,139.807358,35.659287
588,H1-47.トピレックプラザ,139.835877,35.672481
589,H1-48.セブン-イレブン 江東潮見２丁目店,139.815775,35.658249
590,H1-49.セブン-イレブン 江東新砂３丁目店,139.8311,35.667892
591,H1-50.豊洲交通広場　北,139.795161,35.655457
592,H1-51.豊洲交通広場　東,139.795718,35.654958
593,H1-52.辰巳駅,139.809295,35.646756
594,H1-53.豊洲シビックセンター,139.795513,35.653991
595,H1-54.砂町文化センター,139.831874,35.680052
596,H1-55.深川江戸資料館,139.800777,35.681089
597,H1-56.南砂三丁目緑地公園西,139.829825,35.672361
598,H1-57.新木場駅,139.826456,35.64508
599,H1-58.潮見駅,139.817251,35.658703
600,H1-59.LYURO 東京清澄,139.792176,35.681316
601,H1-60.荒川・砂町庭球場西,139.844892,35.679678
602,H1-61.Brilliaランニングスタジアムマギーズ東京前,139.786112,35.648281
603,H1-62.扇橋一丁目公園南,139.812161,35.683343
604,H1-63.東京スイソミル,139.811631,35.656522
605,H1-64.ローソン東雲駅前店,139.804267,35.640228
606,H1-65.ローソン南砂日曹橋店,139.825553,35.669507
607,H1-66.中川船番所資料館,139.846383,35.687732
608,H1-67.セブン-イレブン 江東亀戸9丁目店,139.843408,35.69766
609,H1-68.芝浦工業大学附属中学高等学校,139.792213,35.649274
610,H1-69.ファミリーマート 江東石島店,139.812316,35.680474
611,H1-70.有明スポーツセンター,139.784319,35.63403
612,H1-71.セブン-イレブン 江東東陽4丁目,139.819386,35.670906
613,H1-72.ネクストサイト深川ビル,139.797396,35.674578
614,H1-73.イシマビル,139.79976,35.67386
615,H1-74.タダノ教習センター,139.832305,35.63848
616,H1-75.ジオ深川住吉,139.815638,35.684247
617,H1-76.有明物流センター,139.78829,35.638571
618,H1-77.ライフ東砂店,139.844243,35.684641
619,H1-78.ローソン新木場一丁目店,139.834941,35.645604
620,H1-81.豊洲IHIビル（北側）,139.793243,35.659829
621,H1-82.セブンｰイレブン 北砂3丁目明治通り店,139.827081,35.683514
622,H1-83.ローソン江東東雲店,139.800439,35.642165
623,H1-84.NTT東日本辰巳ビル,139.817333,35.647091
624,H1-87.パークアクシス木場キャナルウエスト,139.803694,35.662514
625,H1-89.BUDDY スポーツアリーナ,139.781088,35.637041
626,H1-90.富士倉庫運輸(株) FACE-1前,139.805205,35.655102
627,H1-91.亀戸駅北口第三自転車駐車場,139.823911,35.696913
628,H1-92.亀戸駅東口第二自転車駐車場,139.830559,35.69788
629,H1-93.新木場一丁目公園,139.835455,35.64143
630,H1-94.新木場一丁目緑地公園,139.835823,35.64423
631,H1-95.若洲公園,139.834429,35.619451
632,H1-96.越中島公園,139.790156,35.668757
633,H1-97.浜園公園,139.802224,35.661852
634,H1-98.洲崎川緑道公園,139.810549,35.668705
635,H1-99.南砂三丁目公園,139.831874,35.669695
636,I1-01.品川区役所 本庁舎前,139.729825,35.609052
637,I1-02.品川区役所 第三庁舎前,139.730048,35.608161
638,I1-03.大井町駅中央口（西側）,139.73472,35.605617
639,I1-04.大井町歩道橋,139.734694,35.605146
640,I1-06.大森貝塚遺跡庭園,139.72967,35.593489
641,I1-07.しながわ水族館,139.736354,35.590641
642,I1-08.天王洲アイル第一水辺広場,139.751644,35.622294
643,I1-09.東品川海上公園第1,139.748945,35.616633
644,I1-10.品川シーサイド公園第1,139.749478,35.607717
645,I1-11.鮫洲入江広場,139.744504,35.603984
646,I1-12.しながわ区民公園（北側）,139.740884,35.596091
647,I1-13.八潮北公園,139.75375,35.613421
648,I1-16.品川浦,139.741958,35.6214
649,I1-17.東品川海上公園第2,139.749171,35.616364
650,I1-18.東品川公園,139.746617,35.61379
651,I1-19.品川シーサイド公園第2,139.749108,35.607571
652,I1-20.しおじ公園,139.751279,35.59632
653,I1-21.大井競馬場 (正門前),139.741204,35.593887
654,I1-22.ウィラ大井 (ショッピングモール),139.745009,35.596579
655,I1-23.東海橋防災船着場,139.74033,35.616114
656,I1-24.しながわ区民公園 (中央口),139.738056,35.593611
657,I1-25.セブン‐イレブン 品川旗の台2丁目店,139.705007,35.607084
658,I1-26.大崎西口公園,139.729221,35.617475
659,I1-27.小関橋公園,139.730904,35.620699
660,I1-28.ローソン 品川荏原三丁目店,139.706642,35.617365
661,I1-29.ローソン 勝島一丁目店,139.745195,35.599987
662,I1-30.ローソン 大井三丁目店,139.729006,35.603327
663,I1-31.セブン‐イレブン 品川戸越5丁目店,139.719139,35.608193
664,I1-32.ローソン 東品川三丁目店,139.74574,35.611158
665,I1-35.シーフォートスクエア,139.750593,35.622954
666,I1-36.ローソン 南大井六丁目店,139.732309,35.590894
667,I1-37.ガーデンシティ品川御殿山,139.734359,35.623466
668,I1-38.ローソン 八潮三丁目店,139.760423,35.594544
669,I1-39.MID POINT 目黒不動前,139.713149,35.628116
670,I1-40.御殿山トラストタワー,139.737457,35.622371
671,I1-42.京急青横駐車場,139.742528,35.611582
672,I1-43.京急南大井駐車場,139.737101,35.594722
673,I1-44.大井三ツ又商店街入口,139.734483,35.604606
674,I1-45.セブン-イレブン品川西五反田３丁目店,139.718135,35.62541
675,I1-46.セブンｰイレブン 品川東中延2丁目店,139.714158,35.608721
676,I1-47.NTT 東日本 関東病院(南側),139.725215,35.630151
677,I1-48.NTT 東日本 関東病院(北側),139.725002,35.632191
678,I1-49.京急鮫洲バイク駐輪場,139.741362,35.603815
679,I1-50.京急立会川第2バイク駐輪場,139.739158,35.599196
680,I1-51.京急鈴ヶ森駐車場,139.735585,35.589573
681,I1-52.カスタリアタワー品川シーサイド,139.746866,35.607557
682,I1-53.天王洲公園,139.749339,35.620355
683,I1-54.天王洲オーシャンスクエア,139.749468,35.622356
684,I1-55.鈴ヶ森公園,139.734704,35.593559
685,I1-56.d garden(ドコモショップ五反田店),139.72157,35.624482
686,I1-57.大井水神公園,139.729368,35.589972
687,I1-58.品川区役所　第二庁舎前,139.730006,35.609664
688,I1-59.文庫の森 第一,139.721484,35.612357
689,I1-60.文庫の森 第二,139.720424,35.611368
690,I1-61.五反田文化センター,139.716159,35.622588
691,I1-62.天王洲Rim,139.745638,35.622277
692,I1-63.セブン-イレブン西五反田店,139.719212,35.62765
693,I1-64.株式会社ユアス ゆうパック取扱所：ポストのうしろ,139.731014,35.622965
694,I1-65.セブン-イレブン品川東大井1丁目店,139.743037,35.605996
695,I1-66.南大井文化センター駐車場,139.73804,35.596733
696,I1-67.八潮公園第一,139.754284,35.601149
697,I1-68.八潮公園第二,139.754288,35.600003
698,I1-70.五反田リバーステーション,139.72448,35.624566
699,I1-71.セブン-イレブン南大井浜川店,139.7355,35.596483
700,I1-72.セブン-イレブン大井店,139.728193,35.600081
701,I1-74.セブン-イレブン西五反田6丁目店,139.71771,35.622403
702,I1-75.セブン-イレブン品川二葉4丁目店,139.713428,35.603275
703,I1-77.セブン-イレブン品川西中延1丁目店,139.708164,35.612217
704,I1-78.セブン-イレブン西大井店,139.718659,35.601431
705,I1-79.品川浦第二,139.741429,35.621904
706,I1-80.リバーサイド品川港南ビル,139.74471,35.622714
707,I1-81.戸越6丁目,139.717865,35.608127
708,I1-82.トミンハイム西五反田四丁目,139.711182,35.627386
709,I1-83.かもめ歩道橋,139.749902,35.600161
710,I1-84.セブン-イレブン西品川2丁目店,139.728418,35.613819
711,I1-85.GOODOFFICE 品川,139.741178,35.621081
712,I1-86.ファミリーマート二葉三丁目店,139.719778,35.601694
713,I1-87.セブン-イレブン西大井滝王子通り店,139.723467,35.599774
714,I1-88.セブン-イレブン品川南大井3丁目店,139.734515,35.58768
715,I1-89.下神明駅自転車駐車場,139.726118,35.608402
716,I1-91.アクロス目黒タワー,139.719749,35.634019
717,I1-92.中央海浜公園前交差点（北側）,139.75134,35.595873
718,I1-93.中央海浜公園前交差点（南側）,139.750654,35.595498
719,I1-94.ローソンLTF品川小山台店,139.70527,35.62268
720,I1-95.東京レールゲート EAST,139.761055,35.584998
721,I1-96.西五反田２丁目,139.720463,35.627599
722,I1-97.トミンハイム東品川三丁目第二,139.749307,35.613387
723,J1-01.目黒区総合庁舎,139.698088,35.640675
724,J1-02.駒場野公園,139.681043,35.657718
725,J1-03.西郷山公園,139.696696,35.650688
726,J1-04.菅刈公園,139.692853,35.650351
727,J1-05.東山公園　北,139.686309,35.64853
728,J1-06.観音橋自転車置場,139.697467,35.642582
729,J1-07.目黒川船入場,139.701588,35.641992
730,J1-08.目黒区民センター公園,139.708868,35.634533
731,J1-09.ファミリーマート佐野久下目黒店,139.712716,35.629252
732,J1-10.NTTデータ駒場研修センター,139.680948,35.655779
733,J1-11.コンフォリア目黒青葉台,139.696086,35.649023
734,J1-12.工大橋下流自転車置場,139.680265,35.605828
735,J1-13.洗足二丁目駐輪場,139.693443,35.61061
736,J1-14.二の橋自転車置場１,139.678208,35.614856
737,J1-15.二の橋自転車置場２,139.678396,35.614391
738,J1-16.八雲橋自転車置場,139.672256,35.617353
739,J1-17.ファミリーマート原町二丁目店,139.691476,35.613902
740,J1-19.東日本自由が丘ビル,139.675954,35.615098
741,J1-20.すずめのお宿緑地公園,139.685351,35.617773
742,J1-21.中央緑地公園,139.690482,35.630694
743,J1-22.NTTコミュニケーションズ唐ヶ崎ビル,139.692044,35.627373
744,J1-23.清水池公園,139.692517,35.623756
745,J1-24.ボヌールREIWA,139.676238,35.612389
746,J1-25.碑文谷公園,139.682632,35.625081
747,J1-26.田向公園,139.687128,35.623459
748,J1-27.衾町公園,139.668309,35.623036
749,J1-28.宮前公園,139.665064,35.617188
750,J1-29.カスタリア目黒鷹番,139.688576,35.626121
751,J1-31.守屋図書館,139.688833,35.634194
752,J1-32.緑が丘駅前高架下,139.678372,35.606793
753,J1-33.芳窪街かど公園,139.666293,35.629861
754,J1-34.田道広場公園,139.709073,35.636269
755,J1-35.目黒川田道街かど公園,139.710332,35.634574
756,J1-36.WJ Haus,139.711779,35.629067
757,J1-37.中目黒公園,139.704069,35.640398
758,J1-38.林試の森公園 北,139.700153,35.626355
759,J1-39.松見坂公園,139.687325,35.655483
760,J1-40.西小山公園,139.697369,35.616541
761,J1-41.CASSIA目黒,139.70237,35.631319
762,J1-42.都立大学駅北口バス停前,139.67596,35.618622
763,J1-43.アルコタワー・ホテル雅叙園東京,139.712681,35.63237
764,J1-44.五本木2丁目,139.687186,35.634441
765,J1-45.プラウド中目黒,139.7045,35.63767
766,J1-46.五本木西みどり街かど公園,139.683899,35.632735
767,J1-47.本町みなみ街かど公園,139.70019,35.61847
768,J1-48.グランドエクセル祐天寺,139.68777,35.64372
769,J1-49.伊勢脇公園,139.696568,35.638864
770,J1-50.大岡山公園,139.684087,35.609958
771,J1-51.池尻大橋駅東口駐輪場,139.687228,35.650627
772,J1-52.駒沢一丁目公園前,139.662398,35.629807
773,J1-53.ボヌールAllamanda,139.675047,35.612833
774,J1-54.田道住区センター三田分室,139.712518,35.638904
775,J1-55.ローソン八雲二丁目店,139.66882,35.61707
776,J1-56.青葉台四丁目街かど公園,139.692727,35.654009
777,K1-01.大森海苔のふるさと館,139.742496,35.57685
778,K1-02.平和の森公園,139.739878,35.579049
779,K1-03.池上会館,139.706597,35.576593
780,K1-04.京急蒲田駅東口,139.724273,35.559483
781,K1-05.平和島公園プール,139.741581,35.581832
782,K1-06.大森駅入新井自転車駐車場,139.726279,35.585269
783,K1-08.セブン‐イレブン 大田区東蒲田キネマ通り店,139.730143,35.562368
784,K1-09.セブン‐イレブン 大田区西蒲田２丁目店,139.705895,35.570763
785,K1-10.セブン‐イレブン 大田区西糀谷１丁目店,139.730098,35.559647
786,K1-100.多摩川台公園,139.666955,35.589794
787,K1-101.小池公園,139.697962,35.599541
788,K1-102.上池台四丁目公園,139.6996,35.595119
789,K1-103.雪谷特別出張所,139.691219,35.594515
790,K1-104.六郷BASE,139.714393,35.543573
791,K1-105.東糀谷二丁目児童公園,139.740802,35.555702
792,K1-106.ファミリーマート上池台夫婦坂店,139.703343,35.599329
793,K1-107.馬込駅A2出口,139.712139,35.596854
794,K1-108.仲江名公園,139.732564,35.557999
795,K1-109.萩中公園プール駐輪場,139.737091,35.549323
796,K1-11.ファミリーマート かわだ多摩川２丁目店,139.697403,35.558289
797,K1-110.萩中集会所裏,139.739538,35.550479
798,K1-111.本羽田公園,139.736761,35.546499
799,K1-113.ファミリーマート大田上池台四丁目店,139.700133,35.594658
800,K1-114.下丸子公園,139.680736,35.568722
801,K1-115.旧呑川緑地（大森中三丁目）,139.736195,35.565685
802,K1-116.旧呑川緑地（大森東五丁目）,139.742345,35.567176
803,K1-117.安詳寺,139.695222,35.581798
804,K1-118.久が原3丁目,139.687152,35.580741
805,K1-119.シーンズ大森パークサイド,139.72763,35.58223
806,K1-120.蒲田駅消費者生活センター横自転車駐車場 屋上部,139.71569,35.560125
807,K1-121.東京広域ポート（川崎LiSE）,139.754506,35.540579
808,K1-122.東急新丸子駅駐輪場,139.662265,35.581347
809,K1-123.東急新丸子駅（東）駐輪場,139.660751,35.577794
810,K1-124.矢口2丁目,139.695187,35.564161
811,K1-125.池上駅南口第1,139.703214,35.571866
812,K1-126.池上駅南口第2,139.702387,35.571815
813,K1-127.第二石井ビル,139.722611,35.559286
814,K1-128.大森西3丁目,139.732137,35.571975
815,K1-129.ローソン東糀谷一丁目店,139.739126,35.557427
816,K1-130.COCOONひろば平和島,139.735238,35.578728
817,K1-131.東急武蔵新田駅駐輪場,139.692791,35.567514
818,K1-132.多摩川駅前自転車等駐車場,139.669519,35.587232
819,K1-133.東京港野鳥公園,139.759232,35.584217
820,K1-134.東調布公園,139.69042,35.588363
821,K1-14.大森地域庁舎,139.723262,35.578239
822,K1-15.セブン‐イレブン 大田区西蒲田店,139.716331,35.56694
823,K1-16.ファミリーマート タケウチ矢口店,139.693548,35.563092
824,K1-21.六郷特別出張所,139.716517,35.55079
825,K1-22.矢口特別出張所,139.690486,35.562324
826,K1-23.大田区役所本庁舎前,139.716339,35.561183
827,K1-24.東糀谷防災公園,139.74575,35.557074
828,K1-25.鶴渡公園,139.725082,35.56892
829,K1-26.大森諏訪公園,139.730762,35.574785
830,K1-27.六郷文化センター,139.707623,35.544715
831,K1-28.鵜の木特別出張所,139.685122,35.574886
832,K1-29.萩中文化センター,139.728146,35.55017
833,K1-30.テクノFRONT森ケ崎,139.746181,35.567922
834,K1-31.テクノWING,139.731708,35.546252
835,K1-32.石川町文化センター,139.682876,35.601958
836,K1-33.ヴォーガコルテ千鳥町,139.688685,35.572301
837,K1-35.セブン-イレブン 大田区西六郷2丁目店,139.707362,35.549778
838,K1-36.セブン-イレブン 大田区南雪谷5丁目店,139.691748,35.587815
839,K1-37.東京サーハウス前,139.685011,35.563874
840,K1-38.ネクストサイト蒲田ビル,139.717253,35.558916
841,K1-39.東京モノレール 流通センター駅前,139.748705,35.581752
842,K1-40.大田文化の森,139.720263,35.579649
843,K1-41.郷土博物館,139.710413,35.588644
844,K1-42.馬込西公園,139.70376,35.58849
845,K1-43.北馬込わくわく公園,139.703216,35.600707
846,K1-44.中馬込貝塚公園,139.704951,35.594795
847,K1-45.たぬき山公園,139.715472,35.592801
848,K1-46.池上駅前自転車駐車場,139.702779,35.571478
849,K1-47.NTT雪ヶ谷ビル,139.684747,35.598601
850,K1-48.ファミリーマート大田上池台三丁目店,139.696915,35.590934
851,K1-49.ローソン仲池上一丁目店,139.698552,35.586585
852,K1-50.テクノポートカマタ 第1,139.721476,35.556199
853,K1-51.テクノポートカマタ 第2,139.722791,35.555808
854,K1-52.大田区総合体育館,139.727422,35.564152
855,K1-53.セブン-イレブン 田園調布郵便局前店,139.678587,35.589309
856,K1-54.ファミリーマート大田久が原五丁目店,139.698552,35.579435
857,K1-55.カバヤビル,139.713704,35.576275
858,K1-56.NTT馬込ビル,139.718852,35.588106
859,K1-57.池上本門寺,139.705377,35.579585
860,K1-58.ローソン新蒲田一丁目店,139.70888,35.558525
861,K1-59.京急梅屋敷第1駐車場,139.727396,35.565768
862,K1-60.京急平和島第1駐車場,139.733691,35.576336
863,K1-62.ローソン大森東五丁目店,139.741441,35.568611
864,K1-64.多摩川グリーンスクエア,139.719489,35.545459
865,K1-65.下丸子3丁目,139.685337,35.571711
866,K1-66.昭和島二丁目公園,139.751446,35.575097
867,K1-67.京浜島防災広場,139.764013,35.570508
868,K1-68.ART FACTORY 城南島,139.775957,35.580511
869,K1-69.京急平和島第2Bバイク駐輪場,139.735242,35.585747
870,K1-70.ローソン大田西嶺町店,139.682804,35.579166
871,K1-71.ファミリーマート大田大森南店,139.74327,35.562769
872,K1-72.ファミリーマート大森西四丁目店,139.723105,35.573358
873,K1-73.サイクルポイントナカネ,139.722353,35.581603
874,K1-74.大田スタジアム,139.753871,35.587423
875,K1-75.三井不動産インダストリアルパーク羽田,139.751408,35.556231
876,K1-76.グリーンベルト,139.726339,35.585178
877,K1-78.城南鋳物団地協同組合,139.766854,35.567562
878,K1-79.Tマークシティホテル東京大森,139.736491,35.586993
879,K1-80.大森北6丁目,139.731241,35.579849
880,K1-81.コーナン本羽田萩中店,139.731093,35.549568
881,K1-82.西蒲田公園,139.71123,35.561499
882,K1-83.北千束北児童公園,139.68599,35.611085
883,K1-84.佐伯山緑地,139.71491,35.581698
884,K1-85.大田区青少年交流センター ゆいっつ,139.743381,35.583555
885,K1-86.IMPREST STAY TOKYO 蒲田,139.727246,35.556267
886,K1-87.羽田イノベーションシティ,139.756277,35.547061
887,K1-88.大田久が原西郵便局,139.6925,35.582756
888,K1-89.ファミリーマート大田千鳥三丁目店,139.68708,35.572086
889,K1-90.ファミリーマート大田仲池上一丁目店,139.701644,35.5873
890,K1-91.穴守稲荷神社,139.74973,35.550027
891,K1-92.蒲田駅西口自転車駐車場,139.715248,35.561389
892,K1-93.六間堀仲羽公園,139.74484,35.548864
893,K1-94.昭和島駅前,139.749613,35.572188
894,K1-95.城南島海浜公園,139.783505,35.578259
895,K1-96.西馬込駅前自転車駐車場,139.705271,35.586351
896,K1-97.トミンタワー多摩川二丁目,139.704345,35.555561
897,K1-98.鵜の木松山公園,139.680752,35.577433
898,K1-99.東原くすのき公園,139.67898,35.584086
899,M1-01.渋谷区役所,139.698057,35.664066
900,M2-01.恵比寿保健相談所（恵比寿社会教育館）,139.71946,35.64524
901,M2-02.アメリカ橋公園,139.713099,35.643606
902,M2-03.サイカパーク恵比寿,139.710613,35.646581
903,M2-04.広尾東公園,139.721059,35.653382
904,M2-05.日本赤十字医療センター,139.718559,35.65519
905,M2-06.あいおいニッセイ同和損保恵比寿ビル,139.71512,35.647237
906,M2-07.ファミリーマート恵比寿駅東店,139.712818,35.6471
907,M2-09.カーサ スプレンディッド 恵比寿,139.719352,35.642452
908,M2-11.鉢山町,139.698426,35.652151
909,M3-01.渋谷マークシティ,139.697802,35.657726
910,M3-02.文化総合センター大和田,139.69966,35.65558
911,M3-03.代官山 T-SITE,139.700139,35.649823
912,M3-06.渋谷第一生命ビル,139.704129,35.657556
913,M3-07.渋谷ファーストプレイス,139.69384,35.65506
914,M3-09.ティップ.クロス　TOKYO 渋谷,139.699296,35.661475
915,M3-10.ウノサワ東急ビル,139.712981,35.647757
916,M3-11.渋谷道玄坂東急ビル,139.698687,35.65718
917,M3-12.渋谷南東急ビル,139.706284,35.656228
918,M3-13.渋谷駅東口地下駐輪場,139.703307,35.657682
919,M3-14.WORK COURT 渋谷松濤,139.694764,35.660021
920,M3-15.co-ba ebisu,139.703964,35.647076
921,M3-19.渋谷キャスト,139.702793,35.662146
922,M3-21.渋谷ソラスタ,139.69612,35.65618
923,M3-22.森谷ビル,139.71686,35.64514
924,M3-23.円山町7-1,139.694885,35.658229
925,M4-01.新宿タカシマヤ,139.702775,35.68714
926,M4-03.NTTドコモ代々木ビル,139.702884,35.684451
927,M4-06.THE SHARE 原宿,139.708158,35.671823
928,M4-07.千駄ヶ谷駅前,139.71188,35.68082
929,M4-13.J-cube,139.70458,35.66616
930,M4-14.未来のピース保育園前,139.70907,35.67692
931,M4-15.Yados 神宮前,139.71004,35.67392
932,M4-16.神宮前6丁目,139.702816,35.668673
933,M5-01.初台駅南口,139.685937,35.680154
934,M5-02.あいおいニッセイ同和損保新宿ビル,139.692262,35.684423
935,M5-03.代々木大山公園,139.675307,35.671282
936,M5-08.古賀政男音楽博物館,139.680243,35.668091
937,M5-09.代々木上原駅前,139.679251,35.66865
938,M5-10.富ヶ谷2丁目,139.686491,35.665961
939,M5-11.あおい通り,139.698975,35.688154
940,M5-13.セブンイレブン初台店,139.68444,35.675049
941,M5-14.天翔代々木ANNEX,139.701613,35.681594
942,M5-15.新宿マインズタワー,139.699355,35.686567
943,M5-16.ローソン代々木八幡駅北店,139.68861,35.669782
944,M5-17.小田急サザンタワー,139.70014,35.6866
945,M5-18.Luxe初台,139.68596,35.679182
946,M5-19.グランリヴィエール代々木,139.698528,35.68285
947,M6-01.幡ヶ谷駅高架下第一,139.676769,35.677175
948,M6-02.サイカパーク笹塚,139.666553,35.673444
949,M6-03.十三号通り公園,139.663587,35.675198
950,M6-04.本町東べんてん橋公園,139.680702,35.687126
951,M6-05.七号通り公園,139.67493,35.67917
952,M6-07.笹塚東,139.670594,35.675436
953,M6-08.Be Good 幡谷,139.677687,35.682453
954,M6-09.ファミリーマート渋谷本町店,139.684965,35.683756
955,M6-10.京王コインパーク幡谷,139.678117,35.6772
956,M6-11.京王サイクルパーク笹塚,139.668801,35.674337
957,M6-12.LIVART SEASON 幡ヶ谷,139.67338,35.683156
958,M6-13.JICA東京,139.675203,35.673409
959,M6-14.ドコモショップ笹塚店,139.66393,35.67323
960,M6-15.cova Hatagaya,139.67383,35.67741
961,M6-16.パールマンション,139.67876,35.67464
962,N1-01.BeGood野方,139.64785,35.719717
963,N1-02.鷺宮東駐輪場,139.640397,35.721556
964,N1-03.鷺宮南駐輪場,139.635949,35.721827
965,N1-04.都立家政南駐輪場,139.645265,35.721679
966,N1-05.大野ハイツ,139.62948,35.7266
967,N1-06.大和区民活動センター,139.649075,35.713562
968,N1-07.プランドール上鷺宮,139.630369,35.733292
969,N1-08.上鷺自転車保管場所,139.627864,35.729056
970,N2-01.NTT野方ビル,139.66173,35.710285
971,N2-02.江古田1丁目A,139.672511,35.724988
972,N2-03.野方1丁目,139.65603,35.712179
973,N2-04.野方2丁目,139.656768,35.713018
974,N2-05.野方3丁目,139.654732,35.717877
975,N2-06.江古田1丁目B,139.672614,35.72515
976,N2-07.新井区民活動センター,139.663327,35.714292
977,N2-08.江古田区民活動センター,139.670119,35.728893
978,N2-09.松山駐車場No.1,139.673048,35.722991
979,N2-10.関根ビル,139.671241,35.733432
980,N3-01.中野四季の森公園,139.662135,35.708487
981,N3-03.青桐公園,139.677846,35.697024
982,N3-04.東中野駅地下駐輪場,139.683284,35.707883
983,N3-05.中野坂上駅地下駐輪場,139.682781,35.698068
984,N3-07.なかのZERO,139.67141,35.70442
985,N3-08.中野区役所(西側),139.663519,35.707968
986,N3-09.中野区役所(北側),139.663829,35.708259
987,N3-10.エーエスホームズⅡ駐車場,139.662563,35.702659
988,N3-11.上高田区民活動センター,139.672761,35.711501
989,N3-12.桃園区民活動センター,139.667327,35.702414
990,N3-13.中部すこやか福祉センター,139.673715,35.700052
991,N3-14.ヴィラソンサ落合,139.680966,35.713227
992,N3-15.ライオンズマンション中野東,139.6855,35.71046
993,N3-16.COURT 5,139.664608,35.699743
994,N3-17.東中野3丁目,139.680679,35.70862
995,N4-01.本四公園,139.672721,35.69693
996,N4-02.栄町公園,139.671383,35.686474
997,N4-03.みなみの広場,139.670866,35.68359
998,N4-04.弥生町5丁目,139.668345,35.690897
999,O1-01.上瀬戸公園,139.6045,35.72077
1000,O1-02.井荻南地下自転車駐車場,139.61431,35.72424
1001,O1-03.LUCKY HOUSE,139.62383,35.72489
1002,O1-04.井草1-34,139.62432,35.72758
1003,O2-01.サカエフラット荻窪,139.61497,35.70535
1004,O2-02.シエール荻窪,139.612703,35.708265
1005,O3-01.西田公園,139.62065,35.69575
1006,O3-02.アートメゾン荻窪,139.6199,35.71355
1007,O3-03.桃井1丁目5番地,139.61194,35.71013
1008,O3-04.アヴァンセ阿佐ヶ谷,139.62816,35.712
1009,O3-05.Nちゃりパーク,139.6185,35.70389
1010,O3-06.アミーズ荻窪,139.625116,35.714616
1011,O3-07.NTT井草ビル第1ポート,139.61688,35.714044
1012,O3-08.NTT井草ビル第２ポート,139.61694,35.714077
1013,O3-09.NTT井草ビル第3ポート,139.61693,35.714151
1014,O3-10.メゾンパークス,139.618954,35.716265
1015,O3-11.ハイリビング関根,139.618926,35.707877
1016,O4-01.阿佐谷南公園,139.62981,35.70328
1017,O4-02.成宗さくら公園,139.63482,35.69638
1018,O4-03.ザ・ハウス,139.633066,35.707035
1019,O4-04.阿佐谷南3-43,139.631955,35.704147
1020,O4-05.阿佐ヶ谷南1-30,139.639985,35.700703
1021,O5-01.朝霞ハイツ,139.64519,35.71038
1022,O5-02.馬橋ハイツ,139.642587,35.705686
1023,O5-03.新高円寺地下自転車駐輪場,139.649397,35.697265
1024,O5-04.リヴィエール,139.65839,35.70104
1025,O5-05.モンテ・ベルテ,139.650518,35.701454
1026,O5-06.EXAM高円寺南,139.65864,35.70273
1027,O6-01.高井戸みどり公園,139.61074,35.67912
1028,O6-02.富士見ヶ丘南自転車駐車場,139.60861,35.68296
1029,O6-03.みなみ荘,139.62803,35.68073
1030,O6-04.柏の宮公園,139.62711,35.67834
1031,O6-05.コージーコート久我山,139.60439,35.687531
1032,O7-01.西永福公園,139.63667,35.67753
1033,O7-02.永福中央公園,139.64145,35.67121
1034,O7-03.永福町西幸モータープール東,139.64609,35.67156
1035,O7-04.永福町西幸モータープール西,139.64527,35.67161
1036,O7-05.ジーベック方南町,139.65626,35.680849
1037,O7-06.松木1丁目,139.642784,35.686015
1038,T1-01.光が丘駅前広場,139.629466,35.759164
1039,T1-02.ホテルカデンツァ東京,139.621675,35.755106
1040,T1-03.四季の香公園,139.626284,35.760585
1041,T1-04.春の風公園,139.624922,35.75731
1042,T1-05.夏の雲公園,139.629116,35.753964
1043,T1-06.秋の陽公園,139.635226,35.762326
1044,T1-07.土支田一丁目（笹目通り）,139.619285,35.765913
1045,T1-08.セブン-イレブン 練馬高松6丁目店,139.620347,35.756506
1046,T1-09.ローソン練馬旭町一丁目店,139.625178,35.765704
1047,T1-10.月見大橋下,139.628982,35.758366
1048,T1-11.むつみ台,139.639807,35.768528
1049,T1-12.ファミリーマート 高松六丁目店,139.616612,35.756873
1050,T1-13.ファミリーマート 練馬土支田二丁目店,139.61349,35.761613
1051,T1-14.ファミリーマート 練馬高松五丁目北店,139.623148,35.761038
1052,T2-01.大泉学園駅北口,139.58618,35.749918
1053,T2-03.リヴィンオズ大泉店,139.594855,35.752383
1054,T2-04.石神井公園駅南口,139.606592,35.743354
1055,T2-05.石神井図書館,139.599676,35.736076
1056,T2-06.総合体育館,139.621385,35.748957
1057,T2-09.こぐれの森緑地,139.588847,35.763741
1058,T2-10.勤労福祉会館,139.58765,35.748153
1059,T2-11.石神井松の風文化公園,139.595578,35.739471
1060,T2-13.セブン-イレブン 練馬石神井町8丁目店,139.600011,35.750414
1061,T2-14.NPC24H東大泉第6パーキング,139.593599,35.747807
1062,T2-15.NPC24H大泉学園南口パーキング,139.584251,35.748611
1063,T2-17.ファミリーマート 練馬石神井町八丁目店,139.597968,35.74755
1064,T2-18. ファミリーマート練馬西税務署前店,139.580878,35.745505
1065,T2-20.パークサイド石神井,139.591103,35.741769
1066,T2-21.ファミリーマート 練馬大泉町一丁目店,139.601679,35.768448
1067,T2-22.ファミリーマート 石神井台7丁目店,139.579685,35.731909
1068,T2-23.セブン-イレブン 練馬南大泉5丁目店,139.579216,35.750185
1069,T2-24.セブン-イレブン 練馬インター店,139.606409,35.754586
1070,T2-25.ファミリーマート 高野台二丁目店,139.620087,35.746045
1071,T2-26.ファミリーマート 大泉学園町四丁目店,139.587625,35.767388
1072,T2-27.ファミリーマート 大泉長久保通り店,139.591456,35.773841
1073,T2-28.ファミリーマート 南大泉六丁目店,139.571095,35.752217
1074,T2-30.ファミリーマート 練馬東大泉四丁目店,139.58243,35.750804
1075,T2-31.ファミリーマート 石神井台二丁目店,139.590273,35.739488
1076,T2-32.セブン-イレブン 練馬東大泉NTTビル店,139.594457,35.750761
1077,T2-33.ウインドヒルズ189,139.581204,35.74642
1078,T2-34.ファミリーマート 練馬富士見台店,139.62125,35.73969
1079,T2-35.ファミリーマート 石神井台六丁目店,139.585331,35.738607
1080,T2-36.サントピア テニスパーク,139.616028,35.75195
1081,T2-37.上石神井2丁目,139.59532,35.729615
1082,T2-38.ファミリーマート 練馬上石神井四丁目店,139.590179,35.727195
1083,T2-39.ローソン 練馬大泉町五丁目店,139.597548,35.758929
1084,T2-40.ローソン 練馬関町北二丁目店,139.577277,35.726855
1085,T2-41.ローソン 練馬東大泉五丁目店,139.58715,35.74248
1086,T2-42.石神井公園駅北第二自転車駐車場,139.608939,35.74553
1087,T2-43.学園通り自転車駐車場,139.5871,35.7547
1088,T2-44.中島橋自転車駐車場,139.584332,35.75372
1089,T2-45.風致地区バス停第三自転車駐車場,139.586798,35.771068
1090,T2-46.大泉郵便局バス停自転車駐車場,139.587232,35.766491
1091,T2-47.上石神井駅北第二自転車駐車場,139.5905,35.726523
1092,T2-48.武蔵関南第二自転車駐車場,139.578015,35.726064
1093,T2-49.善福寺公園テニスクラブ,139.593696,35.719674
1094,T3-01.練馬春日町駅自転車駐車場,139.641265,35.751438
1095,T3-02.早宮第二自転車駐車場,139.652154,35.756846
1096,T3-03.新桜台駅自転車駐車場,139.667502,35.740378
1097,T3-04.サンパレス平和台,139.659062,35.759882
1098,Z01.NTTドコモ川崎ビル,139.694661,35.528801
1099,Z02.NTT渡田ビル,139.712594,35.513644
1100,Z03.ローソン川崎塩浜三丁目店,139.746356,35.523754
1101,Z04.ローソン川崎四谷上町店,139.737102,35.527562
1102,Z05.ローソン川崎小田二丁目店,139.697176,35.513548
1103,Z06.ローソン川崎殿町店,139.744509,35.537434
1104,Z07.ローソン川崎渡田三丁目店,139.705791,35.519137
1105,Z08.ファミリーマート観音二丁目店,139.72907,35.526238
1106,Z09.ファミリーマート川崎川中島二丁目店,139.727511,35.529781
1107,Z10.ローソン川崎浅田三丁目店,139.701005,35.506142
1108,Z11.ファミリーマートＭＧ川崎昭和店,139.737762,35.528868
1109,Z12.京急川崎西口駐輪場B,139.700527,35.533627
1110,Z13.京急川崎日進町駐輪場,139.696499,35.528361
1111,Z14.ファミリーマート川崎中瀬店,139.729625,35.537163
1112,Z15.ファミリーマート藤崎一丁目店,139.722762,35.52928
1113,Z16.ファミリーマート川崎浜町四丁目店,139.722229,35.515344
1114,Z17.NTT川崎ビル,139.704845,35.529519
1115,Z20.川崎キングスカイフロント 東急 REI ホテル,139.752918,35.540589
1116,Z21.コーナン川崎小田栄店,139.706285,35.514643
1117,Z22.みんちゅう京急川崎駅前駐輪場内ラックスペース,139.700332,35.532615
