station_name,x,y
相原,-86.98526633925844,74.65662006430925
青井,90.55897823370132,0.5278680060736303
青砥,103.5544593298633,12.587453202188577
青海,76.43595071342799,66.62283415794877
青物横丁,62.44151579436346,73.57357853750949
青山一丁目,55.54982418412558,45.205771542179555
赤坂,60.04947545842384,45.54114077717591
赤坂見附,60.38258115137647,43.37996614756702
赤土小学校前,71.89379849466835,13.831229360840704
赤羽,54.43826102118167,-1.7099162605789373
赤羽岩淵,54.49819825055953,-4.296214322808643
赤羽橋,62.81457964022433,53.21531646472371
秋川,-103.3121676208297,20.497827743647672
昭島,-76.3524018482543,26.98422406371163
秋津,-26.98519368807562,-1.9817015598956407
秋葉原,73.37769899160378,33.702934701406704
曙橋,55.024556101239426,36.48595950191087
阿佐ケ谷,23.695911191182688,30.858407079765424
浅草,82.2963587225041,28.273130056257692
浅草,80.47027113422828,26.50819840668927
浅草橋,78.05897823369875,34.18736301587983
麻布十番,60.29213042341279,52.718628502580856
飛鳥山,60.49228444393006,10.475306337061223
足立小台,72.39799773328083,8.610121481344226
穴守稲荷,63.7038301705836,99.89819094064977
綾瀬,92.29461509401348,5.228189742604084
新井薬師前,36.62055737990562,25.987426216554876
荒川一中前,78.75461335037541,17.933279410336887
荒川区役所前,78.14942896166241,17.311692101141478
荒川車庫前,65.94076022202044,10.22644162534852
荒川七丁目,77.44289616692456,14.328459138438571
荒川二丁目,77.54388131701472,15.721202639077624
荒川遊園地前,67.85766179419463,10.350874198619644
有明,80.77431635232351,62.40257446580793
有明テニスの森,79.16000697451616,59.919704394972555
淡路町,71.38996251198022,35.33019414364874
飯田橋,63.116445322711456,32.100203920055044
井荻,15.82560809043626,22.073338171022467
軍畑,-132.01846793177845,-15.114493800184915
池上,48.01407980006019,90.23645572322987
池尻大橋,41.22301008397781,55.11572119586233
池ノ上,37.06554590101994,50.73225464651339
池袋,50.87726308447338,19.661942189590945
石川台,41.576821365259086,79.07110460322357
石神前,-125.70217372352681,-10.250877022161832
泉体育館,-55.03327424371316,24.64743187616257
和泉多摩川,0.9252128679756614,65.56949186624587
板橋,53.93406178256917,12.452286714385927
板橋区役所前,50.55396530178822,10.114989059751318
板橋本町,48.87899218273362,5.726434932941763
市ケ谷,59.75669117433481,37.06964255932738
一之江,113.26211095289179,39.30454602552862
稲城,-25.75193978670253,61.58554824391107
稲城長沼,-24.843799947698347,57.98513622855138
稲荷町,76.6764261427985,27.962651581155164
井の頭公園,4.223213507301021,34.164103450445005
入谷,77.4131091801978,23.96108471905494
岩本町,74.08386853040695,35.04482526076926
上野,74.7192031617814,26.98064494704138
上野御徒町,73.60945627851089,29.490859593296463
上野広小路,73.3573566592098,29.62775090897918
浮間舟渡,43.69242393420146,-7.778789601700434
鶯谷,75.55614483740149,23.96108471905494
牛込神楽坂,59.68585626688542,32.72153344375459
牛込柳町,55.95267501670289,33.218499807358064
牛田,87.25007991630444,13.184954544889953
牛浜,-86.33176891110845,17.564087391557383
内幸町,67.0519601290297,46.38536298045154
鵜の木,39.86189009327559,88.7608656951107
梅ケ丘,29.982781668652574,52.75662917583587
梅島,82.29526895468973,0.5650289022951955
梅屋敷,57.06496469151619,92.58101809816014
永福町,25.997137543223946,43.67913096126643
江古田,36.95329981691323,16.243914942085194
越中島,80.47099764609764,47.37846110269811
江戸川,118.10431257446513,16.16738819182528
江戸川橋,59.19110168259539,28.907052495305685
荏原中延,51.171500392311465,73.31353645396236
荏原町,49.66871058673113,76.06845661528318
恵比寿,50.202696812060054,56.8162093441745
扇大橋,72.54911220249174,4.506997699422023
王子,60.593269594020235,9.231860618055162
王子駅前,60.593269594020235,9.356296665415174
王子神谷,59.74506698439393,3.8113088535128146
青梅,-113.59449013397506,-7.365448263571674
青梅街道,-34.33967336026868,19.352731163604158
大井競馬場前,63.93522420155603,79.9641214681018
大泉学園,5.614846996599359,10.886645456475607
大井町,59.38471709627799,74.56636785696293
大岡山,41.606608351975524,74.39301149316816
大久保,45.87304931561761,32.72153344375459
大崎,57.06387492371213,68.85767608896656
大崎広小路,55.08630961030104,67.6162634543193
大島,96.10952892970661,37.565653835703564
大塚,57.041716311644734,18.829169474581157
大塚駅前,57.48597832087936,18.890923304786867
大塚・帝京大学,-56.14156810323459,61.28787430865849
大手町,70.17959373455422,39.429771615336485
大鳥居,61.35320101130131,99.00477853921251
大森,56.973424195748464,82.94187446748765
大森海岸,59.70801487896315,83.25187530603512
大森町,58.48711167940032,90.00065123331439
大山,47.799395542124564,11.370936351796045
御徒町,74.0130336229679,29.739142474096013
小川,-39.0620005230966,16.270318870267147
小川町,71.21814245444064,35.18124797387472
荻窪,17.753407340671625,30.982767645199072
尾久,66.38465897532038,12.116606133042307
奥沢,36.64271599197302,76.03137427979745
奥多摩,-172.32643631398275,-15.82310825203515
小作,-97.77396762664503,-1.0969517606740768
押上,87.98712620963843,28.297735583208645
小台,69.19916596437223,10.474858740138522
お台場海浜公園,75.42682572433363,64.38874628278663
小田急多摩センター,-53.215541541955744,66.55133120888162
小田急永山,-44.629624248063024,64.42852222346737
落合,41.76644096363951,28.24897188536326
落合南長崎,40.91896486588257,22.78119891146777
御茶ノ水,69.99760251082283,33.119196551061336
御成門,65.49795123652457,50.48322361429255
お花茶屋,97.76306994856316,11.754962714150423
小村井,93.33461683763866,28.521421415503198
面影橋,52.01752346632968,27.25444632691061
表参道,51.21145854523005,48.496725374232994
尾山台,30.145157071859362,74.67895968446187
御嶽山,40.43692423933747,84.33194369360058
神楽坂,59.42358548138219,31.3424266963957
葛西,109.35747290110436,49.32791150641656
葛西臨海公園,105.53384092295815,57.90780496249353
梶原,64.22546569410227,10.22644162534852
春日,66.14309377814581,29.118208349819454
霞ケ関,65.63925779546801,44.894993237996026
片倉,-83.42426840255015,60.01044057881487
勝どき,75.02288512394193,51.22807607170928
金町,108.67963732526857,1.932343832677935
要町,46.19525733049871,18.219680281698672
鐘ケ淵,90.41803493069257,18.094827684781613
河辺,-103.99908459505328,-4.79056969323427
蒲田,52.474136177384885,94.65214369143855
上井草,11.800005812089045,21.812920632623918
上板橋,38.26465374443973,4.632345595899966
上北沢,19.035337537406054,46.98229830248076
上北台,-56.39584725815412,12.591033764351653
上石神井,7.623289064541256,21.315795271549746
上中里,63.882188834968154,12.20343581331989
上野毛,24.615675220127756,72.38326732599919
上町,27.440353375371426,58.35659217234586
神谷町,63.17747231989338,49.763840552316466
亀有,100.39631222574266,3.263343591669719
亀戸,92.62844729882517,34.12474107409332
亀戸水神,95.39282496875627,32.9196945790548
茅場町,75.90995611868277,42.025867432750076
唐木田,-58.10859899451919,70.67234893074294
川井,-147.86950393770462,-17.90603271233053
神田,72.60069454535122,36.199705316913466
外苑前,53.23915317776187,46.32320959026107
学芸大学,41.48528086948104,64.86113858165132
学習院下,51.31135392751617,25.7632770815292
菊川,85.36441835459577,38.262025928531656
鬼子母神前,52.21949376652035,24.023724511881372
北赤羽,49.08023597105493,-5.751985169218989
北綾瀬,94.8065298886985,-1.4000745952317073
北池袋,52.915128883207345,14.577742743055532
北参道,48.78963122257401,42.659545519665265
北品川,61.12979861090228,67.70340505748727
北千住,85.01024381737982,10.847704959912956
北千束,44.361178111649494,74.92692852995626
北野,-78.62129842202603,57.89975892537418
北八王子,-75.4133852547193,46.76096389823966
北府中,-36.064049286574615,41.64306138620003
喜多見,5.818270320528781,61.36117562809478
吉祥寺,3.184301531479904,31.728474601797366
木場,85.60671006363972,46.74531393897039
競艇場前,-25.973889163352506,52.646203577962474
経堂,23.737322367840008,54.818440373080726
京橋,72.2984656069294,43.41708239679037
清澄白河,82.69049141262832,41.04424789707359
清瀬,-18.590349016312388,0.7785913741987541
清滝,-110.52461422220995,63.85914105687253
錦糸町,88.21924675249056,34.6462890346039
銀座,70.28057888465472,45.51565282606259
銀座一丁目,71.04704890878077,44.42323107189849
久が原,41.506349713754716,86.7635415691997
久我山,10.398564412533565,38.51203674223576
九段下,65.52773822324099,35.06987340478631
国立,-45.29619888989263,33.432313988098926
九品仏,32.66760628868122,75.33663184444755
熊川,-85.61506495016843,20.323313641954112
熊野前,72.09540553892434,11.09656533119124
熊野前,72.19639068902484,11.344976378211985
久米川,-35.99466740287429,10.663744107300024
蔵前,80.26866408997228,31.0436057494873
京王片倉,-84.90744238761619,57.9243440333762
京王多摩川,-12.363052512285687,57.73660277807875
京王多摩センター,-53.31616343612156,66.50172595372494
京王永山,-44.61908982593652,64.20506130865013
京王八王子,-82.87938449914971,51.72836140497312
京王堀之内,-62.03394263463527,66.82482921628737
京王よみうりランド,-19.72842986255026,63.06270727820189
京急蒲田,55.46046322396597,95.25988332681263
京成上野,73.49829996221857,28.03691613096671
京成金町,108.76064339890978,2.4051163465043675
京成小岩,113.62391386475677,14.2286556983716
京成関屋,87.35070181047027,13.359056047338973
京成高砂,107.46926854784256,10.250612015302105
京成立石,100.81042399232618,15.919010765225154
京成曳舟,90.28726279387564,24.979862548579728
恋ケ窪,-38.839324634566935,28.15144429015417
小岩,112.8272935979796,18.305152595633054
高円寺,28.599503065872636,30.65978714749293
甲州街道,-58.765728982016,42.786100910088656
庚申塚,57.667243032751706,15.323345413225454
麹町,60.432710470486874,39.85240473672874
糀谷,57.589869518467665,98.07473084629147
江北,72.39763447734614,0.030445526014748734
高野,72.49861962744666,2.3934761894109258
後楽園,65.63889453953333,29.73958982879615
国際展示場,80.35039667548287,62.07987815809382
国際展示場正門,80.06814681352033,64.26450204844654
国分寺,-32.99744267822169,32.934903288722715
国立競技場,52.018249978199044,42.03838905659524
国領,-4.533434076316879,55.29095925860635
小菅,87.82475080643165,6.670530017056231
小竹向原,39.374763883634586,13.658472836478563
小平,-30.112100781730767,16.44395777586558
国会議事堂前,63.11680857864615,44.522502870458894
小伝馬町,75.44607828891323,37.38004176694933
狛江,2.2972305367390713,63.384947775042846
駒込,63.852038592306705,16.728133025119632
駒沢大学,32.94949289470906,62.77577223969436
駒場東大前,41.192496585392,51.53924632539232
小宮,-73.486675772288,39.54471043068721
古里,-152.197698410398,-18.9959211515529
是政,-29.899232803468585,52.58450815604718
豪徳寺,27.762924646187216,53.7625146458263
護国寺,56.74929528348005,24.471148404515475
五反田,55.65153584609545,66.00254131067142
五反野,86.53301269942978,3.475099141099646
栄町,62.20757897183791,10.22644162534852
鷺ノ宮,24.644372439040133,22.931091765197475
桜街道,-56.092891807862934,15.69882608503301
桜新町,26.925982970556785,63.595452826758695
桜上水,22.092499491436527,47.55373714605375
桜台,33.15945482548345,15.734181033942466
桜田門,65.75005085582565,43.14385223670169
笹塚,34.95648193891222,44.82121094115138
鮫洲,62.28059341489541,75.45994402775197
沢井,-136.96201795938697,-14.305561812925891
参宮橋,44.491223736597064,42.572789974872144
三軒茶屋,36.29907587689388,58.30652854011232
椎名町,45.01503879573416,21.21556393604719
汐留,68.66626950683704,49.614060403722284
潮見,89.46085554038204,51.51376265663833
市場前,77.94891168521048,57.31239330704148
品川,60.898041323995166,65.00951406006044
品川シーサイド,64.93417802446889,73.4493662320273
信濃町,54.17708000348247,41.95163200183353
篠崎,120.83890325767982,30.322488602300055
東雲,84.60848275260655,59.54692376264958
芝浦ふ頭,67.83913574147408,58.839792017403795
芝公園,64.89276684781156,53.86131342364502
柴崎,-1.5474702856704725,53.53988110386078
柴崎体育館,-58.765728982016,37.606354184256666
柴又,110.57692307691812,7.689354673053148
渋谷,47.47827729504752,51.60139063475995
志村坂上,44.963819708809375,-1.100085957007986
志村三丁目,41.835822847339834,-1.6476790622203599
志茂,58.735941995289245,-1.7842428412976454
下赤塚,26.69168289209656,1.4868753505106522
下井草,19.33720321989318,22.334648703227174
下板橋,52.22893842085313,12.613859840108658
下落合,45.06553137077924,25.962371692584618
下北沢,35.01750893609414,50.34775357991668
下神明,56.387855627560064,73.8094913682472
下高井戸,25.533259713464716,48.18686997040028
下丸子,41.6578274389003,90.633479090606
石神井公園,12.718316817295378,13.472288701317852
松陰神社前,30.57852140303279,58.09554531820819
昭和島,64.93490453633825,90.94296669146662
白糸台,-22.241071169104654,48.03887170697102
白金高輪,59.182383540142304,58.67842813363876
白金台,56.35734212896394,60.78906377485095
白丸,-165.7584057423647,-17.005208907447415
新秋津,-28.2260759640874,-1.7949888657811843
新板橋,53.903911539907725,11.209357588784846
新江古田,35.97505158233936,18.4313469461557
新大久保,46.902153381181584,32.58554864151147
新大塚,57.50595739733864,21.36412099344469
新御徒町,77.04004533433692,29.98742362607494
新御茶ノ水,70.58280782307654,34.43561320363017
新木場,93.11339397285805,57.125989869975854
新小岩,104.32201912179343,25.53912653763546
新高円寺,28.04481125221505,34.051831103281636
新庚申塚,57.97019848304288,14.45332493231912
新小金井,-16.278951498068988,34.97191717062193
新小平,-36.53955130627474,19.265918902513143
新桜台,35.57111098194767,14.553127743080196
新柴又,112.33253901368958,10.064410069416445
新宿,46.77138124436465,37.19398147109305
新宿,47.174958588821646,36.448836042068464
新宿御苑前,50.81732585510583,38.200305636952024
新宿三丁目,48.68864607247351,37.318319949316255
新宿西口,46.468789050008155,35.82757144194856
新整備場,78.54610444333976,103.29527619806008
神泉,44.52210049111754,52.1727555447399
新高島平,30.303173403849925,-7.2561800661408755
新代田,32.484888553070135,49.77635946176511
新富町,73.54951904914334,46.161789129048756
新豊洲,79.56322106302815,55.946753254688225
新中野,35.743294295421926,34.18825761441683
新日本橋,73.71080468454608,38.00083208028453
新橋,67.96009996803387,47.99952463354611
新馬場,61.85667373804443,69.88768515564335
新三河島,73.71988608293385,16.392045202082983
十条,54.882159774491925,5.949814835342898
自由が丘,35.59363284996008,74.36843771362653
神保町,67.85875156199869,34.95760390836757
水天宮前,77.54497108482911,40.31170510831241
水道橋,66.62731394030935,32.12525413150427
末広町,72.90328673970771,31.82688707294844
巣鴨,61.11817442097171,18.07066261568084
巣鴨新田,56.90040975269096,17.30005681440699
すずかけ台,-32.55027462148893,114.8400105589707
砂川七番,-55.54800790445216,22.65904695522907
住吉,88.81462323094641,38.062999967636124
成城学園前,10.116677806505729,59.796785551471466
聖蹟桜ケ丘,-45.063715091116165,55.06788820799698
整備場,66.26660079625871,97.83942450329863
西武園,-44.46034698207658,2.5949399078484894
西武新宿,46.83168172967719,35.132046399903906
西武立川,-72.8618755630504,21.292079847107345
西武柳沢,-6.714422713667718,20.234266373960846
西武遊園地,-46.65949841621328,3.5274782263587197
世田谷,28.893013861841368,58.34407627091344
世田谷代田,32.74752259451838,51.751162445944715
千川,42.946296242479704,15.957945719497275
泉岳寺,61.30125541250716,60.66480702073351
仙川,5.020923541882243,49.90110121172548
千石,63.06558949173169,20.51885887253834
千住大橋,81.94254744122281,14.07962134137613
洗足,44.78473453255546,73.09013109147102
洗足池,43.70550114788109,77.78090378110227
千駄ケ谷,50.998953822902536,41.45478727975281
千駄木,69.8050768649546,21.562792717204225
祖師ケ谷大蔵,13.880009299349704,58.4437563649226
雑司が谷,52.21949376652035,23.899339672131084
雑色,52.262357966926736,100.22054616324111
高井戸,15.957833250991929,40.51206018574218
高尾,-105.0968440324379,58.893430819946396
高尾山,-114.42961552993205,63.85914105687253
高尾山口,-109.39452500654546,63.35008694614114
高島平,32.77513004561637,-6.708948486247183
高田馬場,48.385327366247644,27.08086007510794
高輪台,57.74970213013165,63.74383356179673
鷹の台,-39.969777106166084,22.57179530174273
高幡不動,-56.949086048072964,50.11347415571141
高松,-57.35375316033402,28.62386905803774
宝町,73.00463514573258,43.938494540150145
滝野川一丁目,59.68512975501605,11.967115362801435
滝本,-148.86773124873778,-9.951261629456605
竹芝,69.31213856033798,53.538092876876306
竹ノ塚,79.81314114672112,-9.247242562776597
竹橋,67.69710267065095,37.31787268948003
立会川,60.91838365638914,78.47515197592466
立川,-57.091119118896096,33.92927044847683
立川北,-57.60548952371073,33.28291258257148
立川南,-57.55499694865533,34.71159381669812
立飛,-55.941050826782664,26.6357059023793
辰巳,86.97945424428282,57.3740805610819
田無,-11.56752201331258,20.8065813683407
田端,68.88712911568297,15.9946429937353
多磨,-19.57767864927403,43.21987393155227
多摩川,35.51299003225355,82.32186472842693
玉川学園前,-39.13937403738064,94.13325715749342
玉川上水,-55.51785766180107,18.756675711355193
多摩境,-74.15107087850951,76.927147654275
多摩センター,-53.82072593066875,67.12201013564525
田町,64.0961465810344,57.31284031622798
多摩動物公園,-60.510810496650606,55.82560884936578
多磨霊園,-24.693048734422128,48.21325026093341
溜池山王,61.80545465112997,45.63996231078382
田原町,79.6631164453246,28.608658509577857
代官山,47.98283978959469,56.257882390415254
大師前,76.43340792188519,-2.244981555034334
代田橋,31.869169742230625,46.03882291361609
台場,72.80375461334594,66.12633260206312
大門,66.66872511696667,52.4333986288934
地下鉄赤塚,26.51986283455699,1.8226561304065967
地下鉄成増,21.95954781901149,-1.2120217203962849
千歳烏山,10.913298073282899,47.26846600303794
千歳船橋,19.247842259733563,56.59404185837609
千鳥町,43.74654906860372,89.82736967017914
中央大学・明星大学,-59.16857981460364,58.92918997688839
調布,-9.689488826252926,54.57077897079657
月島,77.5453343407638,48.930876112530484
築地,73.11542820609021,47.403947723632314
築地市場,71.08773357356871,48.7448760307088
つくし野,-31.228749527770614,110.07955296102641
つつじケ丘,1.49952050215785,51.776645945432215
鶴川,-32.75333468949399,85.28870159807795
テレコムセンター,75.7297811746248,69.8501495547634
天空橋,66.50889250530267,100.89024994906946
天王洲アイル,65.33739211298088,67.98851302260313
田園調布,34.95793496265096,79.14615640379863
東京,71.24865595303677,41.40469993919735
とうきょうスカイツリー,86.44328848333546,28.422105078984707
東京テレポート,75.20487634767333,65.49351773833929
東大前,67.99933160907275,25.44024930282488
東武練馬,32.97746360175206,2.344677028584184
東陽町,89.59199093313366,46.63308117219762
ときわ台,43.07743163523132,6.795870299104553
戸越,52.70516695242262,71.3524365122726
戸越銀座,52.26126819912268,70.60755673172048
戸越公園,53.391357414776834,73.82200185396057
豊島園,27.912949347583744,14.280123875122207
豊島園,28.336505768500036,14.193299255603831
都庁前,43.7447327889303,37.318319949316255
都電雑司ケ谷,53.35902763650728,22.159248694617194
等々力,27.753843247799445,73.97168053658221
舎人,72.29628607131096,-14.273312413759998
舎人公園,72.29628607131096,-10.292527792120444
飛田給,-17.357821626808672,50.84581579718877
豊洲,81.5509575426414,52.95467908883216
豊田,-68.87550492576274,51.15698938293055
虎ノ門,65.02390224056317,46.38536298045154
都立家政,26.70258057015775,23.055032544664893
都立大学,38.27700444624998,69.78893069237857
中井,42.03888291534489,26.322976179858394
中板橋,44.90388247943151,7.927046390725409
仲御徒町,74.47691145272711,30.07510448448357
中神,-70.93443956874971,28.99697283194582
中河原,-41.239719857024944,51.144023871012855
中野,34.46172735462218,30.44864042093587
中野坂上,40.51575077736025,34.33676063323042
中野新橋,37.388117171835724,36.51100663383431
中野富士見町,34.91616053005895,37.25659802507623
中延,51.443942344016854,75.19946888040718
中村橋,24.23026067245662,16.57955664214606
中目黒,46.419022986832424,57.959210158045636
永田町,61.01827903867527,42.696662518004864
長沼,-74.42423934207392,58.61942509116036
長原,46.02598006451226,76.73816591246394
成増,22.46374705762398,-1.6718575292471365
成瀬,-35.708421725619914,106.62061626817334
西新井,79.68236900990419,-1.5115635544305268
西新井大師西,72.29664932724566,-3.451706447927126
西永福,23.353360843907613,42.53612004230835
西大井,54.7535671732831,76.94948585546638
西大島,92.69928220627453,37.826850869997934
西荻窪,10.367687658013084,31.35584673993781
西葛西,104.85782162680611,48.95546739707385
西ケ原,62.23772921448903,12.613859840108658
西ケ原四丁目,58.77735317194656,13.086043029883832
西国立,-53.34776670251141,35.966674823057936
西国分寺,-38.28390630903998,33.14603529620029
西小山,46.4197494987018,70.74473731755516
西新宿,44.12760454505864,35.52968263425485
西新宿五丁目,41.02031327191775,37.691332784232934
西巣鴨,57.29381593094582,13.620430484104505
西太子堂,34.563802272526736,57.79784229593686
西高島平,27.17553979831508,-8.126752391751644
西立川,-64.44668855890352,31.444866234981177
西台,37.214844090547096,-5.850949298135693
西調布,-14.896036151234055,52.24875801276033
西日暮里,71.08664380575435,18.679259369484868
西日暮里,71.59120630031185,17.933279410336887
西八王子,-93.9579640231375,52.49911793972415
西府,-41.31055476447432,46.01512392167291
西馬込,49.12382668332036,83.43814252905764
西早稲田,50.100621894155495,29.73958982879615
二重橋前,69.21079015431312,41.80226626889893
日暮里,72.50915404957317,20.481271314202246
日暮里,72.70095318357203,20.17072497129796
日本橋,73.91277498473676,41.168572958044
人形町,76.69713173112716,39.143988286718894
沼袋,33.69453081862676,24.34721254858571
沼部,37.05682775856685,85.43609900004259
根津,70.6732585510402,25.2536792939128
練馬,30.294092005462158,16.10697222026573
練馬春日町,25.11805817906683,10.066200477524683
練馬高野台,16.653105111733908,14.889232910958604
野方,29.769913690390375,24.22327626198337
乃木坂,56.356978873029256,48.07464173633154
拝島,-82.61820348145052,23.591507699228675
萩山,-34.01710208945288,14.965314865766848
白山,65.74932434395627,23.48949302893219
箱根ケ崎,-81.50954636599441,1.1036336840593521
狭間,-100.89942169656143,59.625592421359485
蓮沼,49.90119438551793,93.6724153045662
蓮根,39.202580570160336,-4.570258299488514
幡ケ谷,38.2962570108399,43.28069117061013
旗の台,47.74127459242012,75.59665921153093
八王子,-84.3222370753625,52.88314877303344
八王子みなみ野,-87.22792130424737,63.73444805156766
八幡山,16.220467292429852,46.510563725610815
八丁堀,75.05267211065836,44.410710284814826
初台,41.928453110921936,41.4176689892915
鳩ノ巣,-160.68299381013517,-18.398337410991044
花小金井,-21.02125773735621,21.365910833878313
羽田空港国際線ターミナル,71.49349045363384,102.35283946027707
羽田空港国際線ビル,71.594475603724,102.60061656291394
羽田空港国内線ターミナル,78.15233500915022,100.12053598928267
羽田空港第１ビル,77.64813577053772,100.49244741106237
羽田空港第２ビル,78.85886780389839,99.74862070318355
浜田山,20.49816919007814,41.26919544223461
浜町,78.72518961959366,38.16228946215079
浜松町,67.55652262357687,52.96674981533413
羽村,-92.68838452821336,6.898380416024793
原宿,47.88149138356983,45.88902713378243
半蔵門,61.98635610705731,39.59122253116632
馬喰町,76.78794571503583,36.001115126138494
馬喰横山,76.87875969893419,36.597776919249675
光が丘,20.839993025483846,6.870626614390492
氷川台,34.27937287494578,10.836515154139448
東秋留,-94.51410886054417,21.45450781588699
東あずま,94.74731917119,29.888111372501438
東池袋,53.722283572111024,21.47598583907099
東池袋四丁目,54.23701723286035,21.662128163654017
東青梅,-108.52961262388237,-7.190798436552639
東大島,100.28660893318907,37.62782248138883
東尾久三丁目,73.70971491674202,12.712772666387663
東北沢,37.01505332596452,48.47258089390683
東銀座,71.18871872365891,46.63352831547235
東久留米,-13.494958007623584,6.063071043921348
東高円寺,31.677007352297085,33.97713177620417
東小金井,-17.19689924734063,32.35025792393743
東新宿,49.596422655543,33.591108209195156
東十条,56.88987533056446,4.880354062853208
東中神,-67.78646363082089,30.202151876947298
東中野,40.86883554677217,30.23704509558046
東長崎,40.65633082444465,19.537542128419588
東日本橋,77.6455929789846,36.54768275948645
東伏見,-2.4966580453972864,20.22218456683606
東府中,-27.558774810388442,46.89644754495931
東福生,-85.44397140449824,12.542248572979794
東松原,30.719101450117183,49.751768742879115
東向島,90.20661997616911,21.84782206263109
東村山,-38.23450350179895,5.976674047828623
東大和市,-49.61531196420857,18.308732583291054
曳舟,89.2178373194584,24.830425725349297
一橋学園,-33.058469675403614,23.093512265644495
日向和田,-123.89570195577562,-6.307710383140874
日野,-64.33553224260086,42.326832387243606
日の出,68.26305541832505,55.822479652617325
ひばりケ丘,-9.287727761479678,9.967280302716475
日比谷,68.56528435674687,44.14956144076251
平井,98.68210746563886,30.161443078573328
平山城址公園,-69.2885269245422,56.508661229214994
広尾,54.914489552761474,54.842133522035965
富士見ケ丘,13.072128098566331,39.82870163603918
富士見台,21.395411351021124,16.977399842633393
二子玉川,20.408444973983844,72.38326732599919
二俣尾,-129.12259161316106,-13.70895266443233
布田,-6.9854116416343555,55.46440833053736
府中,-32.92624451483762,45.46870128917605
府中競馬正門前,-31.220757897186893,47.20720842258741
府中本町,-34.1064630496125,48.16361952835388
福生,-88.31950539072169,14.09618074508061
不動前,51.70621312952009,66.27649041624885
船堀,106.3003109470842,40.32378011154713
船の科学館,73.4191101682611,68.2244627218998
分倍河原,-37.18396733603695,47.10794409113264
平和島,59.52638691115612,87.22179260605671
平和台,30.25340734067421,7.231424349480745
方南町,31.38494958007742,40.449449344806446
保谷,-1.2862892679712936,11.421513486771154
程久保,-58.15981808143363,52.969432198793534
堀切,89.60107233152142,13.831229360840704
堀切菖蒲園,93.15226235796226,11.730345763704156
本駒込,66.35450873266927,22.07244326884884
本郷三丁目,68.61505041992258,29.863506942916253
本所吾妻橋,84.71782278922545,29.242127622873564
馬込,51.101391996741775,79.31904298781762
町田,-45.747726017851924,103.47117116526248
町屋,76.4134288454259,14.142278504469074
町屋,75.84892912150084,14.340990492242975
町屋駅前,76.13117898346337,13.831229360840704
町屋二丁目,74.71883990584669,13.458414363856459
松が谷,-54.123681380959916,63.52260302351321
松原,25.765017000371827,50.9186914634662
万願寺,-54.830577431642794,46.01512392167291
三河島,75.04177443259718,18.144947776195647
瑞江,118.71022347504748,35.95012557471686
三田,64.42888901804201,56.44339631758413
三鷹,-3.777498474327664,31.85327946203254
三鷹台,6.473220772417496,36.5244247330566
御嶽,-141.00832582605256,-12.352286371038977
御岳山,-151.70294382611826,-7.053318278162815
三越前,73.5088343843554,39.553655070222966
緑が丘,39.25597919269323,74.86482478233576
南阿佐ケ谷,23.43400366161414,33.2940953440324
南大沢,-69.38878556276298,71.44180316932375
南新宿,46.296968992468585,40.449002124402504
南砂町,94.29397576356762,47.005549513822835
南千住,82.79075005084913,18.30604759258048
南多摩,-29.49529220307689,55.725921447537516
南平,-65.05114643573683,53.367316800633986
南町田,-36.44474150708453,117.31907207681411
見沼代親水公園,72.49789311556697,-18.25454252264335
三ノ輪,79.9657086396811,19.909846052857542
三ノ輪橋,80.02600912498333,18.642117365532584
宮の坂,26.834805730723748,56.3821544771521
宮ノ平,-121.40376623754989,-6.046639359241597
宮ノ前,70.48109616110666,10.599290445324149
茗荷谷,60.351341140910975,25.527493936073935
向原,55.952311760768204,20.046774162287658
武蔵五日市,-124.60114498271973,18.62108512916679
武蔵小金井,-23.523364621784086,32.54931576151962
武蔵小山,48.42710179883965,68.63468974000781
武蔵境,-9.861672139727176,32.15164630016042
武蔵砂川,-64.97159338584467,20.0619883642377
武蔵関,2.1039783790014726,20.73140681885788
武蔵新田,43.978306355521156,92.05986865516411
武蔵野台,-21.787001249602557,49.057409268236896
武蔵引田,-109.28554822587158,19.727274422036736
武蔵増戸,-114.49136903898335,19.242202114085927
武蔵大和,-46.10444334661068,7.904217311582847
明治神宮前,48.68900932840819,47.13074808359123
明大前,28.812371044134835,47.19334720370326
目黒,52.523538984625915,62.775325298498224
目白,49.22226904187807,23.563766896728673
めじろ台,-95.67289529512102,58.37134305079149
百草園,-50.945918456314665,52.05070418384646
本蓮沼,47.62793874051968,2.2573756102797295
森下,82.47834994623548,38.42348212871894
門前仲町,81.37913748510182,45.39134290837425
矢川,-50.54270436779234,39.76787851305451
矢口渡,46.80371102263419,94.45387812441479
八坂,-37.649661445469604,12.851966268795554
谷在家,72.29664932724566,-6.6852144101267035
矢野口,-18.39673360262979,59.12720566049705
八広,93.42506756560232,20.866094440640996
谷保,-45.17487140740849,41.35729578421831
山下,27.420011042977457,53.66326853958715
山田,-90.79945366308218,57.93686008225969
祐天寺,43.5736392432601,60.93879705926914
有楽町,69.57404608990655,44.02524676475002
雪が谷大塚,39.92219057858814,81.32929073705904
湯島,72.2170962773535,29.975792475454895
用賀,22.86005928336664,65.90466991388882
四ツ木,95.85670279852582,18.778155360334466
四ツ谷,57.960753828710104,39.305440495382136
四谷三丁目,53.97547295922648,38.49817214552694
代々木,47.5683647670765,40.62297054836201
代々木上原,39.44668855888803,46.88258620539599
代々木公園,43.1395484002173,46.88258620539599
代々木八幡,42.685478480715204,46.696128307792186
流通センター,64.73293423614757,86.105186236804
両国,80.44012089157717,34.78360785535767
両国,82.18592891808113,34.46021447960125
芦花公園,13.678038999148699,46.20024393094716
六郷土手,49.65926593239835,104.23858097637186
六町,91.06317747231382,-4.820123764306888
六本木,58.37486559530394,49.428063881335596
六本木一丁目,60.998299962215974,48.620577359000045
若林,32.26330243235485,57.20198179629129
若松河田,53.329603905725534,33.46720404656019
早稲田,54.903228618755264,30.510374127034716
早稲田,53.71247566185388,27.751488883621757
