id,M500,M1000,M1500,M2000,M2500,M3000,M3500,M4000,M4500,M5000
ST00010001,5,23,23,50,46,46,60,56,52,40
ST00010003,9,17,28,28,55,41,52,46,51,42
ST00010004,8,17,29,27,53,39,56,44,54,39
ST00010005,5,17,31,34,51,33,74,45,47,37
ST00010036,6,16,27,40,40,39,75,45,51,38
ST00010138,7,21,27,45,39,50,58,59,38,53
ST00010265,5,21,24,48,43,52,59,54,43,56
ST00010735,7,17,28,35,46,42,72,51,48,40
ST00010008,11,26,35,33,35,42,52,56,43,53
ST00010009,8,27,23,43,39,41,57,53,38,47
ST00010010,8,25,24,42,41,42,56,54,38,48
ST00010011,7,27,32,44,36,53,53,50,49,50
ST00010012,9,21,36,38,38,67,45,47,53,57
ST00010028,8,27,34,32,36,41,54,50,42,45
ST00010034,9,28,33,34,27,46,44,46,44,47
ST00010038,8,25,33,39,46,46,49,56,56,40
ST00010042,12,22,33,38,37,49,49,56,51,46
ST00010485,8,23,33,41,46,47,51,54,58,39
ST00010664,10,33,32,30,31,40,46,61,38,56
ST00010716,7,15,36,40,57,47,47,57,61,35
ST00010835,11,27,35,29,30,47,53,54,36,48
ST00010836,11,25,38,28,29,46,57,50,37,48
ST00010900,10,29,32,39,30,51,54,48,54,44
ST00010935,8,20,29,43,47,46,59,55,54,36
ST00010634,8,22,28,43,42,48,57,55,39,50
ST00010969,10,30,33,32,31,41,51,60,41,55
ST00011016,6,26,28,35,34,53,35,48,50,39
ST00000168,9,29,36,29,30,44,54,50,34,52
ST00000457,11,31,32,29,27,37,49,59,36,54
ST00000490,7,27,26,45,50,52,47,52,53,45
ST00010013,8,32,38,26,29,45,56,45,63,53
ST00010014,11,23,45,27,33,58,48,50,54,54
ST00010016,13,19,33,32,28,32,31,59,57,62
ST00010017,8,17,31,33,28,28,38,45,57,62
ST00010035,8,36,33,27,33,31,46,57,47,53
ST00010020,8,25,35,32,27,32,39,42,56,35
ST00010021,9,22,31,34,30,32,29,49,59,37
ST00010022,8,19,28,35,31,33,29,42,59,41
ST00010032,8,25,25,38,27,30,30,56,54,47
ST00010037,8,25,24,36,30,30,29,54,55,56
ST00010141,8,32,31,34,25,39,40,63,64,56
ST00010143,9,17,29,38,27,24,40,48,61,66
ST00010170,14,26,35,27,31,29,46,58,59,57
ST00010171,13,26,36,27,31,28,46,59,58,57
ST00010172,12,27,36,26,32,27,47,58,57,57
ST00010173,10,24,27,36,26,27,44,51,77,52
ST00010175,13,24,31,32,27,26,43,51,67,58
ST00010194,11,35,29,34,29,32,56,47,64,56
ST00010302,11,24,30,27,29,33,31,57,55,57
ST00010303,11,25,32,27,31,31,28,62,52,62
ST00010467,11,35,31,22,34,31,43,61,46,57
ST00010468,12,34,32,23,31,31,43,60,48,57
ST00010562,8,20,23,35,28,37,32,48,67,59
ST00010600,8,22,20,39,28,29,37,49,67,60
ST00010645,10,37,32,21,32,35,53,49,61,55
ST00010672,9,25,19,41,26,27,39,49,74,60
ST00010874,14,24,31,30,29,28,34,59,52,62
ST00010909,10,36,29,33,32,29,61,44,61,59
ST00010949,9,25,26,35,28,25,43,48,71,62
ST00011026,9,25,24,37,27,26,43,48,71,61
ST00010023,1,15,27,52,66,61,57,42,60,51
ST00010033,9,13,42,40,42,62,58,43,49,70
ST00010024,3,12,31,44,65,71,50,60,51,52
ST00010041,8,12,41,44,42,62,62,39,45,73
ST00010148,8,12,40,43,46,61,62,40,45,71
ST00010197,7,17,36,47,43,64,55,38,51,67
ST00010513,1,12,24,61,66,58,59,44,56,54
ST00010530,2,12,32,37,70,68,62,57,47,48
ST00010851,8,16,37,45,41,65,56,39,49,67
ST00000491,3,12,31,45,63,72,49,60,52,53
ST00000631,9,21,39,37,41,56,48,46,59,66
ST00010019,5,16,30,30,27,66,69,85,66,61
ST00010025,3,12,30,29,47,61,73,80,61,60
ST00010553,7,19,21,40,53,68,58,65,60,56
ST00010776,6,21,24,35,56,65,57,66,55,64
ST00010026,5,14,26,28,50,61,67,66,57,57
ST00010027,7,12,18,33,53,61,65,69,58,71
ST00010043,10,11,16,31,48,59,64,71,67,76
ST00010044,9,13,19,26,43,58,64,69,76,73
ST00010125,9,15,14,26,48,61,66,74,77,67
ST00010126,9,16,14,24,50,59,68,74,79,64
ST00010039,7,16,18,26,41,60,66,76,89,59
ST00010426,7,14,16,34,37,60,64,64,71,61
ST00010571,4,16,21,33,39,63,61,66,64,46
ST00010572,8,13,21,27,43,63,62,68,64,62
ST00010601,3,12,25,42,55,65,71,50,57,61
ST00010613,7,15,15,29,51,59,62,85,80,54
ST00010642,8,12,21,25,37,59,66,69,75,73
ST00010768,10,15,11,31,49,61,62,74,68,74
ST00010919,7,15,19,25,43,60,62,67,85,71
ST00010906,8,13,13,39,53,61,66,76,63,62
ST00010922,2,11,28,38,58,62,66,57,51,62
ST00010936,3,14,16,42,60,53,77,71,56,63
ST00011036,7,12,22,28,47,68,62,81,76,49
ST00010047,13,24,31,35,24,33,42,67,63,54
ST00010048,10,23,33,34,35,26,52,70,55,68
ST00010049,7,26,40,32,32,49,55,53,55,65
ST00010050,3,16,25,29,34,37,38,48,48,73
ST00010051,10,25,34,31,37,25,48,70,57,67
ST00010052,10,28,29,36,33,32,48,72,53,62
ST00010064,4,25,25,30,36,35,38,58,61,66
ST00010130,7,25,37,29,40,34,54,68,54,63
ST00010137,7,19,24,41,35,43,55,59,60,58
ST00010139,3,22,26,31,36,44,43,56,61,53
ST00010123,8,21,31,32,36,31,45,63,66,58
ST00010226,4,22,23,34,36,40,49,61,58,60
ST00010316,12,13,36,37,34,36,58,61,65,53
ST00010447,8,20,27,40,33,46,57,51,72,59
ST00010551,10,23,42,28,38,53,52,52,54,61
ST00010564,5,24,26,40,47,52,56,58,56,66
ST00010622,4,28,32,30,50,54,53,56,57,56
ST00010828,6,18,26,41,35,43,60,53,63,59
ST00000286,9,19,34,34,30,31,42,60,68,58
ST00000497,10,22,34,33,32,30,48,66,61,59
ST00000565,9,22,32,35,31,31,47,69,59,57
ST00000712,7,32,32,34,28,38,39,70,61,54
ST00010053,2,19,26,36,46,61,52,70,59,57
ST00010054,4,14,30,40,64,63,59,58,52,49
ST00010055,4,21,26,34,46,59,57,65,59,60
ST00010056,3,18,33,32,58,58,58,64,59,48
ST00010057,4,16,26,41,41,64,63,69,57,52
ST00010066,10,18,24,45,36,48,56,58,67,58
ST00010067,8,21,27,40,37,46,61,56,66,57
ST00010068,8,19,27,42,38,46,60,59,66,59
ST00010214,3,18,29,29,49,45,58,51,70,58
ST00010216,3,18,32,39,59,58,58,60,56,48
ST00010539,1,20,25,29,51,48,56,50,67,65
ST00000384,7,21,30,42,35,46,61,53,67,53
ST00000407,6,17,27,38,47,55,57,60,61,58
ST00000480,4,16,30,36,63,48,62,65,60,48
ST00000764,9,12,28,41,35,54,57,55,67,61
ST00010045,3,18,27,43,45,56,79,57,60,54
ST00010058,3,18,27,44,40,63,76,59,57,57
ST00010161,4,13,40,29,45,59,60,80,63,55
ST00010117,3,21,15,38,50,57,62,74,62,44
ST00010169,5,10,42,30,45,58,62,76,66,55
ST00010413,2,22,18,33,55,50,66,77,55,48
ST00010641,5,10,41,33,36,63,62,73,76,45
ST00010614,6,9,42,31,43,61,63,71,68,57
ST00010442,4,14,30,50,35,63,81,58,53,63
ST00010952,2,19,20,33,54,45,67,74,61,54
ST00011021,6,11,36,40,39,64,67,67,59,62
ST00000123,7,11,28,46,41,63,72,59,66,51
ST00010059,5,9,25,26,41,64,61,53,46,60
ST00010046,4,15,21,30,40,57,62,63,58,54
ST00010060,4,12,20,29,45,53,72,43,56,61
ST00010061,5,8,22,31,40,69,52,50,51,60
ST00010062,2,13,21,26,37,63,63,54,38,58
ST00010157,4,12,24,33,38,56,64,64,62,52
ST00010162,6,11,20,34,42,64,63,51,63,56
ST00010163,6,12,21,34,57,45,63,53,70,57
ST00010327,3,14,25,33,42,60,52,64,60,63
ST00010339,7,8,18,39,42,64,62,44,62,63
ST00010352,5,7,26,32,46,68,55,46,58,65
ST00010708,3,17,18,39,38,62,62,69,55,55
ST00010764,3,13,26,35,39,61,52,58,62,65
ST00010879,3,11,19,42,52,45,63,49,61,61
ST00010934,4,12,22,39,36,59,57,53,66,63
ST00010978,4,12,22,34,38,60,53,59,62,54
ST00000161,5,9,24,33,57,45,67,48,65,61
ST00000237,3,12,18,41,54,45,60,52,60,61
ST00000635,4,13,24,29,43,55,61,60,65,51
ST00010069,12,18,18,41,46,60,65,61,71,64
ST00010070,10,18,24,35,48,64,60,64,61,67
ST00010072,11,22,22,36,42,49,51,71,77,80
ST00010073,15,17,29,28,47,56,45,67,73,83
ST00010077,7,31,22,34,41,33,51,61,79,105
ST00010088,9,24,26,38,39,54,52,63,80,79
ST00010087,7,17,43,28,38,35,35,59,84,98
ST00010089,6,26,30,32,42,27,46,54,86,100
ST00010075,5,31,33,32,29,40,39,63,82,96
ST00010140,8,17,42,34,33,30,58,71,75,69
ST00010145,8,22,31,31,31,33,48,56,64,73
ST00010151,7,16,40,33,33,30,40,55,77,71
ST00010192,12,18,22,33,41,58,58,67,73,69
ST00010313,8,23,25,31,40,41,51,62,83,105
ST00010353,8,24,29,29,34,33,49,54,66,73
ST00010428,15,19,24,29,51,44,50,70,72,82
ST00010429,12,22,23,30,51,43,50,71,72,83
ST00010466,6,21,43,33,33,35,50,68,84,81
ST00010577,4,33,29,35,31,37,44,66,79,99
ST00010596,5,15,27,25,38,42,41,54,49,68
ST00010607,7,23,39,34,25,37,51,61,83,79
ST00010608,11,21,29,33,40,53,53,64,78,83
ST00010620,4,14,28,29,36,44,37,55,54,63
ST00010628,7,12,32,45,36,34,51,79,62,66
ST00010633,4,23,29,33,48,54,70,58,66,72
ST00010671,13,22,21,35,43,47,48,72,79,83
ST00010720,8,25,26,37,35,56,52,63,81,84
ST00010718,7,21,37,35,27,37,43,46,87,73
ST00010731,8,27,31,34,32,43,49,62,85,88
ST00010755,9,26,20,41,36,41,51,67,70,100
ST00010837,8,19,24,33,53,69,52,74,55,65
ST00010838,9,11,32,46,35,32,52,76,63,66
ST00010868,9,22,24,33,39,49,55,78,70,79
ST00010948,6,13,33,43,41,34,51,76,66,64
ST00010942,6,31,26,30,31,33,50,46,78,71
ST00010944,8,20,27,31,30,46,38,51,65,68
ST00010940,9,19,34,38,28,30,54,65,75,60
ST00010890,9,26,29,32,40,45,49,67,79,83
ST00010443,4,30,33,36,23,36,44,54,84,75
ST00010950,10,19,22,34,42,61,71,56,73,66
ST00010981,9,11,31,47,34,30,56,72,68,64
ST00011000,13,16,19,39,48,60,63,65,69,61
ST00011034,8,27,22,40,40,52,55,65,73,79
ST00011035,9,24,32,33,37,46,48,67,79,84
ST00000135,6,19,30,29,32,44,40,51,62,67
ST00000194,10,13,35,42,31,33,55,71,75,65
ST00000196,10,22,23,26,35,41,45,51,61,69
ST00000283,8,20,20,38,51,65,58,67,61,62
ST00000704,8,21,24,29,34,40,45,48,65,65
ST00000765,10,26,20,36,40,45,49,76,73,87
ST00000760,9,13,43,35,31,33,57,63,81,75
ST00010080,4,17,36,23,38,44,63,67,81,80
ST00010082,0,7,21,26,50,53,53,51,70,65
ST00010081,4,18,33,24,39,43,62,66,84,79
ST00010131,6,15,30,47,26,40,37,64,66,82
ST00010132,3,7,14,27,40,77,42,38,41,60
ST00010124,0,4,14,27,39,48,62,69,51,72
ST00010204,2,12,27,34,42,47,44,53,79,82
ST00010205,1,9,17,36,45,57,47,46,49,70
ST00010219,1,17,23,48,41,29,42,64,43,80
ST00010252,3,22,29,35,39,35,50,61,85,89
ST00010351,2,7,16,29,39,75,41,39,42,63
ST00010356,3,7,20,34,48,56,48,35,44,73
ST00010357,5,14,30,28,36,53,37,72,81,84
ST00010438,7,14,41,35,36,32,36,61,77,93
ST00010756,7,12,37,42,32,32,38,64,75,87
ST00010800,2,11,9,15,53,53,57,43,44,54
ST00010880,2,12,31,34,37,50,42,59,80,82
ST00000181,8,13,43,33,36,29,40,59,77,81
ST00000548,8,13,43,36,30,30,41,59,77,78
ST00010127,5,13,19,28,33,49,64,83,85,87
ST00010152,6,4,19,32,37,47,60,76,74,83
ST00010153,4,9,17,25,41,49,55,79,74,83
ST00010154,4,14,25,29,33,36,85,71,82,83
ST00010165,5,23,26,31,35,59,62,74,73,67
ST00010195,5,16,23,26,42,52,68,86,87,55
ST00010198,5,18,17,29,31,58,67,74,94,72
ST00010338,7,9,23,30,34,39,77,76,80,91
ST00010375,6,22,27,28,35,55,63,84,68,64
ST00010502,2,6,25,31,32,32,62,71,74,77
ST00010503,2,6,24,32,30,34,61,72,74,77
ST00010552,7,15,22,29,33,48,79,79,86,63
ST00010609,3,6,17,30,37,53,54,72,79,70
ST00010610,3,8,14,29,38,55,54,64,79,68
ST00010719,3,15,21,33,35,32,82,71,76,85
ST00010995,0,5,14,18,45,59,50,56,61,72
ST00011013,3,19,27,33,25,62,64,83,76,66
ST00000309,4,11,25,24,37,42,62,88,65,92
ST00010210,0,10,22,38,43,37,39,46,58,56
ST00010211,1,8,19,28,31,49,44,51,37,53
ST00010444,1,10,22,32,31,40,30,46,67,54
ST00010540,1,8,18,34,39,36,40,60,39,51
ST00010825,2,8,12,26,43,52,50,43,37,47
ST00010827,1,13,21,25,31,42,29,50,52,59
ST00010947,5,15,26,32,40,42,41,46,64,60
ST00010989,5,13,33,24,38,37,46,50,57,63
ST00000437,1,16,24,38,42,40,42,46,57,63
ST00000450,2,16,23,29,31,32,41,52,65,53
ST00000706,3,14,20,38,30,37,41,55,60,58
ST00010078,4,18,14,27,24,41,47,44,49,59
ST00010079,3,16,14,26,32,30,46,58,48,47
ST00010085,6,16,12,16,35,35,42,43,52,47
ST00010086,12,20,29,18,37,44,48,57,49,74
ST00010135,4,16,21,26,24,39,47,47,61,51
ST00010150,6,11,27,19,23,48,44,56,53,48
ST00010155,5,21,19,23,35,36,58,47,48,62
ST00010156,9,24,17,27,36,36,56,46,57,58
ST00010166,6,26,24,33,37,32,55,58,63,65
ST00010177,5,12,23,22,26,44,44,57,49,46
ST00010191,6,13,28,18,22,49,49,52,54,47
ST00010203,5,25,17,20,36,39,60,51,40,63
ST00010220,9,17,21,21,33,50,55,44,56,45
ST00010221,6,16,19,26,31,59,55,37,59,43
ST00010269,5,18,13,22,32,27,52,44,49,58
ST00010305,7,21,26,37,39,32,53,64,60,58
ST00010319,7,13,27,17,24,48,55,49,49,51
ST00010321,10,19,26,22,29,58,45,59,45,59
ST00010330,10,19,25,23,29,60,44,58,43,61
ST00010355,6,28,16,26,32,40,56,50,46,61
ST00010480,10,22,25,22,38,47,45,62,53,57
ST00010544,5,18,18,26,33,57,51,39,60,39
ST00010555,10,16,25,23,35,56,47,51,47,56
ST00010576,8,22,22,35,38,37,55,56,51,67
ST00010785,11,21,20,20,39,44,52,52,49,68
ST00010833,8,15,26,41,36,43,47,68,57,60
ST00010852,11,20,27,25,37,41,45,63,55,61
ST00010865,3,11,5,8,35,30,46,37,49,53
ST00010878,8,9,7,10,12,37,51,38,39,50
ST00010884,12,23,21,23,31,47,50,49,54,69
ST00010920,7,15,21,23,34,36,54,62,40,60
ST00010970,3,19,14,25,29,34,45,46,47,63
ST00010100,5,12,13,6,9,43,48,39,44,52
ST00010106,6,9,5,8,31,31,47,37,48,54
ST00010118,6,7,7,11,27,39,49,37,41,54
ST00010119,4,12,14,6,14,46,46,37,44,53
ST00000350,7,12,21,25,38,52,55,41,55,44
ST00000399,6,23,19,21,34,44,49,52,53,60
ST00000398,13,17,21,23,33,55,46,57,39,64
ST00000519,12,17,18,26,34,56,42,53,51,53
ST00000549,10,17,23,25,33,57,47,53,46,59
ST00000707,7,13,21,25,21,39,52,51,53,43
ST00000972,8,14,13,16,34,34,46,44,38,55
ST00010178,9,10,22,23,30,39,36,47,51,74
ST00010179,5,11,26,22,37,31,41,55,66,61
ST00010180,1,11,28,38,18,33,58,69,70,70
ST00010181,2,18,23,26,31,46,68,67,77,90
ST00010336,2,8,20,35,29,39,39,67,67,67
ST00010490,9,10,22,22,29,37,41,42,51,70
ST00010514,2,15,25,29,37,36,60,56,69,76
ST00010534,7,12,20,26,30,40,34,50,47,78
ST00010625,3,13,23,27,43,34,55,56,75,63
ST00010871,4,5,18,38,30,39,43,65,68,72
ST00010885,6,13,25,22,37,33,33,63,61,60
ST00000134,5,20,17,24,17,41,45,40,42,63
ST00000153,4,16,24,29,30,47,60,76,59,85
ST00000856,3,13,23,32,32,36,42,66,72,61
ST00010217,5,14,27,37,35,56,43,54,46,42
ST00010304,7,12,29,41,33,53,56,49,55,34
ST00010329,4,16,20,34,40,42,42,42,45,48
ST00010350,2,13,24,27,43,49,45,64,49,42
ST00010422,5,13,23,34,42,40,63,59,45,41
ST00010629,2,15,27,30,46,46,63,62,57,41
ST00010644,5,14,23,37,37,48,53,51,43,49
ST00010725,4,20,20,33,46,48,33,47,44,47
ST00010821,4,12,24,31,32,50,43,62,58,61
ST00010846,3,12,21,37,36,43,60,41,49,45
ST00010914,4,10,28,30,48,39,59,59,54,45
ST00000492,4,18,18,33,35,58,64,58,77,51
ST00010280,2,4,16,18,27,33,43,38,45,42
ST00010281,0,9,24,20,41,37,46,46,38,49
ST00010460,4,7,10,10,19,33,34,27,32,35
ST00010478,4,8,7,13,22,35,26,40,38,39
ST00010726,7,3,11,12,22,36,30,27,41,35
ST00010787,2,7,13,14,30,31,41,39,42,43
ST00010853,3,12,8,21,29,28,28,38,41,41
ST00000189,1,10,20,34,38,43,46,52,43,46
ST00000318,6,5,10,12,22,39,27,31,38,36
ST00000973,2,9,12,19,29,27,43,37,39,55
ST00010693,5,10,23,29,46,41,38,53,55,79
ST00010697,4,12,26,25,45,45,59,64,60,54
ST00010698,3,14,19,33,42,47,44,68,53,65
ST00010845,4,6,27,26,41,39,37,43,44,75
ST00010895,0,15,21,28,29,32,36,42,44,49
ST00010988,5,13,20,27,37,39,42,33,62,77
ST00000109,3,13,20,31,35,33,45,28,53,78
ST00000653,4,7,24,30,41,38,43,42,55,58
ST00000931,5,7,25,31,39,45,33,48,61,76
ST00010225,2,9,22,18,36,26,32,43,42,41
ST00010282,0,7,16,29,30,25,21,31,18,37
ST00010283,2,12,12,21,28,28,31,29,36,46
ST00010292,2,9,20,20,38,21,31,38,50,37
ST00010445,2,9,29,26,18,22,37,35,39,35
ST00010588,2,10,20,20,37,25,33,41,43,40
ST00010766,2,11,19,33,17,28,32,34,44,39
ST00010811,2,10,18,26,25,19,30,35,35,44
ST00010866,1,8,29,25,20,26,35,27,41,36
ST00010184,6,19,20,19,24,28,43,35,46,42
ST00010185,8,14,23,21,24,30,44,34,52,49
ST00010186,8,10,16,26,19,30,31,27,40,34
ST00010188,6,13,18,21,22,30,28,32,41,33
ST00010296,6,11,14,23,27,30,26,24,43,32
ST00010189,3,11,17,27,26,27,28,23,37,38
ST00010190,5,16,21,26,23,29,40,39,49,47
ST00010200,9,12,22,23,26,32,42,35,51,48
ST00010201,8,12,23,23,27,38,37,48,45,77
ST00010202,10,10,25,21,27,38,36,44,43,75
ST00010284,6,16,11,22,27,20,33,31,43,35
ST00010297,8,15,20,13,26,36,23,53,36,31
ST00010298,0,22,19,17,30,24,32,39,37,35
ST00010743,7,17,18,17,27,31,32,49,31,36
ST00010744,5,9,15,26,25,27,27,22,38,38
ST00010753,4,8,16,27,25,26,29,21,33,39
ST00010767,9,11,23,22,29,39,35,48,49,73
ST00010826,4,16,23,22,23,28,37,47,34,41
ST00010917,3,12,20,17,28,23,29,34,42,45
ST00010926,9,17,16,20,18,38,39,43,39,47
ST00010956,8,12,20,25,27,35,42,34,46,56
ST00010972,5,17,12,25,23,28,33,39,33,43
ST00000212,10,13,19,23,21,38,45,34,49,58
ST00000458,8,13,15,22,25,28,28,38,43,35
ST00000459,7,15,17,15,29,33,23,48,36,38
ST00010274,4,7,7,11,18,28,35,28,31,36
ST00010307,0,4,13,8,11,13,27,33,26,30
ST00010348,1,8,11,11,22,18,28,25,24,25
ST00010409,0,5,5,7,17,19,22,43,32,35
ST00010477,1,6,4,7,13,12,15,15,26,33
ST00010575,3,4,10,6,14,15,17,17,29,33
ST00010602,5,2,4,7,12,15,13,16,24,34
ST00010709,4,4,7,25,19,22,26,20,24,28
ST00010850,1,8,7,9,16,15,16,21,30,31
ST00010737,1,6,14,10,18,23,31,24,27,29
ST00000319,3,7,8,9,20,29,39,33,39,33
ST00000371,6,3,11,10,19,34,29,32,38,31
ST00010227,6,26,27,31,38,53,35,47,52,36
ST00010228,5,25,32,33,35,48,37,39,54,37
ST00010229,6,27,25,33,37,53,31,48,52,39
ST00010230,4,18,31,31,42,41,30,30,47,55
ST00010231,5,19,29,31,42,37,31,30,46,52
ST00010232,3,19,29,34,41,38,32,29,45,51
ST00010233,8,10,21,44,32,29,38,22,45,45
ST00010340,5,20,25,35,44,47,34,53,48,39
ST00010497,3,14,23,41,29,26,33,29,41,44
ST00010528,5,12,24,39,37,31,31,38,44,38
ST00010550,2,12,21,34,18,29,33,35,39,36
ST00010784,5,9,30,34,25,33,26,37,35,46
ST00000277,4,10,29,37,22,33,29,43,33,44
ST00000721,4,17,24,32,46,35,31,33,52,45
ST00010234,2,11,17,30,31,47,42,40,38,47
ST00010235,2,12,17,25,31,51,39,38,42,41
ST00010236,2,6,11,20,27,32,33,54,40,34
ST00010238,1,9,8,15,27,26,41,38,43,39
ST00010326,4,7,11,23,32,34,45,41,42,40
ST00010505,2,9,9,23,29,37,36,56,33,41
ST00010526,3,10,8,19,33,26,53,29,42,40
ST00010527,2,11,10,18,32,34,49,32,39,41
ST00010589,1,16,25,24,41,42,47,36,39,45
ST00000649,3,10,23,27,34,49,45,45,40,40
ST00010239,3,10,16,16,29,32,28,47,29,45
ST00010240,3,9,19,15,29,26,34,40,34,43
ST00010241,1,8,11,10,16,33,26,34,38,44
ST00010585,3,9,13,14,31,20,35,40,37,38
ST00010627,0,15,22,25,29,38,43,35,40,41
ST00000870,4,9,11,11,25,25,29,39,40,30
ST00010242,5,6,16,11,17,18,26,28,37,38
ST00010243,2,13,18,28,33,30,26,31,26,33
ST00010250,1,10,8,13,9,14,21,25,30,40
ST00010273,3,15,14,13,17,26,25,28,35,40
ST00010318,5,6,16,11,16,19,25,28,37,36
ST00010320,2,17,15,15,28,32,24,28,37,28
ST00010411,0,13,25,18,22,26,29,28,43,36
ST00010536,6,6,10,14,20,17,19,29,38,42
ST00010566,3,6,7,13,15,19,20,32,28,42
ST00010597,6,7,8,20,17,18,24,33,34,45
ST00010734,5,5,9,15,13,16,19,32,37,34
ST00000857,2,12,9,20,20,20,26,40,39,37
ST00010244,2,19,28,38,32,35,32,35,34,46
ST00010245,4,9,8,27,23,38,31,28,23,40
ST00010246,6,8,7,13,16,25,34,29,27,26
ST00010247,6,7,7,12,14,21,34,31,20,34
ST00010248,4,10,8,16,9,19,27,24,28,42
ST00010346,4,12,29,33,43,20,38,34,42,49
ST00010347,6,8,8,10,14,23,27,30,24,39
ST00010483,5,18,30,37,32,33,36,31,36,55
ST00010583,7,28,32,32,25,38,41,45,46,43
ST00010584,7,27,34,31,25,35,44,43,47,43
ST00010598,5,25,37,30,31,31,45,37,42,48
ST00010599,5,7,24,23,41,30,27,24,39,27
ST00010648,4,11,25,34,44,22,35,34,41,53
ST00010649,7,6,7,14,16,17,36,32,24,29
ST00010745,3,8,11,20,21,36,34,28,20,43
ST00010777,7,7,10,14,16,28,30,27,31,29
ST00010778,7,5,10,10,14,19,27,32,21,40
ST00010798,6,22,41,20,38,39,47,33,45,42
ST00010799,2,8,7,8,13,10,26,30,26,30
ST00010820,6,6,7,14,19,27,34,29,28,23
ST00010830,7,7,9,19,23,30,34,21,32,29
ST00010855,4,14,24,37,38,29,26,32,27,48
ST00010882,4,13,28,36,34,33,28,30,24,50
ST00010908,6,16,29,41,32,31,36,33,34,54
ST00010976,2,10,20,30,38,33,30,20,39,26
ST00011004,4,10,26,28,46,27,27,40,39,53
ST00000575,5,28,38,25,31,39,43,38,41,48
ST00000796,7,16,30,31,40,23,38,38,49,46
ST00000909,2,1,2,9,7,10,31,37,41,51
ST00000911,2,1,5,6,5,13,18,33,37,41
ST00000974,2,1,4,6,6,11,17,34,38,42
ST00000916,4,6,17,28,37,44,38,40,41,57
ST00000917,4,6,17,28,37,45,37,40,41,57
ST00000915,0,4,2,19,37,32,46,46,37,44
ST00000910,3,2,11,26,38,35,44,39,42,48
ST00000914,3,2,14,28,36,40,41,36,45,52
ST00000912,2,2,16,21,20,23,38,31,36,35
ST00000913,0,6,6,6,14,16,29,38,37,37
ST00010092,3,11,22,33,35,38,44,62,63,48
ST00010093,8,10,19,29,24,30,40,60,48,58
ST00010094,3,11,15,19,13,23,29,19,36,44
ST00000410,8,7,17,16,15,12,27,44,50,52
ST00010096,8,7,12,19,11,13,24,44,53,47
ST00010097,4,16,9,14,7,17,37,40,56,50
ST00010098,5,13,9,4,6,21,43,47,37,54
ST00010099,9,10,9,5,6,26,56,42,38,55
ST00010101,8,8,6,8,10,31,47,44,37,52
ST00010769,5,6,5,14,14,19,17,22,36,29
ST00010710,3,4,3,1,2,12,19,18,26,22
ST00010711,2,7,7,11,12,21,19,17,23,27
ST00010727,5,11,14,35,37,44,50,48,48,48
ST00010728,1,12,20,20,23,44,46,40,40,37
ST00010729,2,7,12,16,24,22,23,29,33,39
ST00010730,3,7,7,9,11,10,12,14,12,24
ST00010763,0,7,4,7,14,8,12,5,8,22
ST00010732,6,16,10,19,25,25,29,40,48,39
ST00010733,6,13,12,20,25,25,28,37,50,36
ST00010102,3,6,7,6,9,17,39,27,61,39
ST00010739,5,6,19,22,33,39,37,44,46,44
ST00010746,4,11,14,25,29,37,35,39,37,52
ST00010794,7,13,14,18,21,23,30,39,46,49
ST00010803,0,5,5,10,13,23,18,27,25,25
ST00010804,0,5,4,4,10,16,24,19,23,27
ST00010809,8,9,6,7,9,34,43,48,33,51
ST00010810,2,13,15,23,31,33,47,44,44,39
ST00010815,7,3,7,12,12,15,16,17,27,30
ST00010831,2,3,4,2,3,11,13,25,19,18
ST00010847,6,16,15,23,24,23,43,39,51,52
ST00010848,4,10,12,12,20,19,15,27,25,36
ST00010859,2,9,9,8,15,13,11,17,17,29
ST00010860,7,6,17,17,16,12,21,46,46,51
ST00010870,3,12,14,19,27,19,29,40,30,50
ST00010894,2,8,23,36,43,37,49,53,53,70
ST00010898,4,7,20,32,25,41,42,46,59,49
ST00010899,4,6,15,39,25,40,44,54,51,49
ST00010104,4,12,21,31,26,31,54,56,59,47
ST00010903,3,13,13,20,20,28,46,35,35,38
ST00010904,2,14,24,24,44,53,42,62,42,54
ST00010905,2,8,21,16,30,42,39,46,36,33
ST00010915,3,9,17,14,23,18,8,37,33,34
ST00010916,0,6,15,37,47,40,42,54,40,46
ST00010923,2,9,12,25,5,9,17,17,18,42
ST00010924,3,5,12,11,16,6,10,18,17,18
ST00010943,3,14,17,18,16,22,30,41,47,63
ST00010979,3,11,18,30,35,47,44,43,43,59
ST00010980,3,13,12,37,32,45,54,41,53,42
ST00010724,3,3,13,22,30,20,30,33,28,39
ST00010996,2,3,15,24,23,22,35,26,41,41
ST00011010,6,4,7,12,12,18,16,23,28,34
ST00011008,3,5,12,22,26,30,26,32,37,34
ST00000386,9,7,4,9,15,29,40,53,36,46
ST00011011,1,12,16,15,19,24,34,28,39,28
ST00011012,2,16,22,13,14,31,26,40,44,54
ST00011017,3,11,16,16,28,28,29,47,31,33
ST00000124,1,7,20,21,10,12,18,13,33,38
ST00000125,3,7,5,11,11,10,9,7,20,16
ST00000126,3,14,18,18,16,20,31,42,50,61
ST00000127,6,10,17,19,15,19,30,38,53,56
ST00000162,3,4,9,5,16,18,16,28,34,32
ST00000163,6,4,8,10,12,17,14,17,29,37
ST00000206,0,2,8,9,12,13,23,20,24,31
ST00000207,7,7,12,19,11,13,16,41,51,52
ST00000435,4,6,22,31,28,40,47,52,45,56
ST00000381,6,12,9,17,8,15,33,47,53,50
ST00000387,4,7,18,13,21,15,12,28,35,35
ST00011007,7,8,3,7,13,24,36,52,43,42
ST00000380,5,14,10,6,9,15,51,41,41,52
ST00010107,6,9,23,31,22,41,36,55,64,45
ST00010095,7,6,15,18,17,10,21,47,45,49
ST00000436,5,7,23,36,27,48,57,35,57,53
ST00000702,3,5,21,26,35,45,47,44,37,51
ST00000703,1,8,17,26,40,35,49,48,33,44
ST00000730,3,6,7,10,11,11,19,14,22,37
ST00000731,3,8,8,13,10,14,16,11,18,31
ST00000749,1,8,11,14,11,9,7,16,18,12
ST00000759,3,7,13,16,12,3,14,20,13,23
ST00000790,3,4,8,9,10,9,12,7,14,15
ST00010108,6,11,14,22,18,26,29,33,43,38
ST00000791,3,5,12,8,8,12,9,11,14,17
ST00000894,1,3,8,9,11,17,22,13,21,18
ST00000905,2,9,25,31,48,33,59,50,52,72
ST00000906,3,9,16,33,32,49,42,47,40,54
ST00000997,3,9,17,21,16,16,17,25,44,36
ST00010109,6,7,12,17,14,12,17,35,52,52
ST00010110,4,16,14,26,23,30,37,44,47,53
ST00010111,3,9,5,8,7,21,41,33,56,37
ST00010112,6,10,15,24,15,26,28,29,46,38
ST00010780,4,7,18,33,27,41,44,47,56,49
ST00010114,5,19,15,15,26,24,38,40,50,49
ST00010120,3,9,4,4,17,27,36,41,50,41
ST00010121,7,11,7,6,5,20,39,52,35,57
ST00010122,7,5,12,19,11,12,17,43,49,51
ST00010147,2,19,18,25,22,30,40,52,56,52
ST00010074,4,9,18,22,15,31,41,39,32,40
ST00010076,4,9,18,20,17,35,32,45,31,38
ST00010115,1,15,8,23,30,29,37,33,44,26
ST00010116,2,12,14,34,33,38,39,48,59,44
ST00010167,3,11,22,29,40,50,42,60,50,50
ST00010174,7,13,17,25,29,21,42,50,51,62
ST00010193,5,5,22,23,31,37,39,42,51,44
ST00010196,3,11,16,19,14,24,27,20,41,51
ST00010206,4,11,10,19,25,22,25,28,39,41
ST00010207,3,7,14,17,22,18,26,30,26,40
ST00010209,3,12,20,33,38,49,46,60,48,54
ST00010212,1,12,20,20,36,39,48,57,33,42
ST00010213,2,10,14,23,22,16,16,33,37,38
ST00010215,3,12,14,25,15,30,46,41,31,35
ST00010223,3,15,24,20,21,32,43,46,62,56
ST00010224,1,3,14,7,16,21,18,31,24,26
ST00010264,3,11,20,21,25,36,39,31,35,64
ST00010266,2,7,7,14,15,18,19,23,15,31
ST00010271,4,3,14,24,28,24,28,35,26,42
ST00010272,1,5,11,15,18,15,34,24,18,35
ST00010275,7,8,22,28,28,35,41,60,54,52
ST00010276,6,10,22,27,27,34,41,59,52,54
ST00010277,4,11,9,18,28,20,26,28,37,40
ST00010278,6,11,22,25,28,30,41,62,47,58
ST00010293,3,10,11,16,16,12,17,16,31,32
ST00010294,2,14,13,29,36,48,45,51,39,39
ST00010299,3,8,12,15,14,20,26,22,30,28
ST00010300,1,8,3,9,11,19,24,22,29,25
ST00010301,3,4,13,25,27,20,34,30,28,40
ST00010308,4,15,22,30,42,41,50,55,52,49
ST00010309,1,5,7,12,7,17,12,11,18,17
ST00010311,5,6,23,25,34,43,40,64,49,44
ST00010312,3,7,17,21,26,37,35,33,44,38
ST00010317,2,8,24,16,22,34,29,32,33,44
ST00010343,3,11,14,19,14,24,26,18,36,41
ST00010344,1,9,13,19,14,21,38,25,27,35
ST00010345,1,6,5,11,11,8,11,9,13,22
ST00010354,2,3,6,10,8,12,8,8,11,17
ST00010406,2,18,19,21,26,34,42,53,61,43
ST00010412,2,8,19,20,28,34,42,33,44,39
ST00010434,3,15,14,13,14,30,36,45,50,53
ST00010423,4,7,19,14,17,33,33,41,34,30
ST00010472,3,10,23,31,35,49,47,52,52,46
ST00010484,3,10,20,27,40,44,49,45,58,42
ST00010496,2,5,2,3,3,14,12,31,18,22
ST00010504,2,9,12,24,26,29,28,30,43,43
ST00010512,3,16,15,21,21,20,38,44,51,60
ST00010535,2,5,8,11,10,14,4,16,16,18
ST00010427,3,6,1,1,9,15,20,22,24,22
ST00010558,2,12,23,29,40,34,44,59,67,51
ST00010561,3,7,15,25,9,18,16,15,42,29
ST00010557,5,12,20,12,19,23,28,30,41,55
ST00010556,1,4,14,18,17,23,22,26,32,32
ST00010619,4,8,21,26,30,36,40,39,54,58
ST00010630,1,12,21,9,33,39,34,51,49,45
ST00010646,1,18,19,11,34,29,35,36,41,58
ST00010650,4,6,7,15,13,20,13,16,37,28
ST00010651,3,8,6,14,9,10,18,11,13,31
ST00010701,5,2,3,1,5,11,17,24,19,24
ST00010702,3,5,2,1,7,11,17,26,21,26
ST00010703,0,0,0,0,4,4,3,10,16,17
ST00010704,5,9,21,39,39,48,59,49,62,62
ST00010705,1,12,20,27,31,39,40,35,55,66
ST00010706,3,10,19,22,28,29,42,52,31,42
ST00010707,3,3,10,17,16,17,29,24,19,30
ST00010414,3,9,15,28,31,24,30,29,46,54
ST00010415,3,9,16,26,33,23,31,25,43,55
ST00010416,2,11,23,26,19,27,28,24,42,44
ST00010417,2,12,23,23,21,25,30,22,40,47
ST00010419,3,13,14,26,22,22,30,30,28,37
ST00010420,7,8,15,21,22,19,22,38,21,37
ST00010421,3,11,15,15,36,39,30,55,35,50
ST00010461,4,15,8,24,18,39,38,29,48,46
ST00010462,2,14,10,22,16,31,28,30,41,39
ST00010463,4,14,18,12,27,18,28,27,40,42
ST00010464,7,11,16,17,19,23,22,27,38,33
ST00010465,1,8,16,11,33,25,37,33,39,51
ST00010515,6,13,17,21,25,40,39,37,39,59
ST00010516,4,17,5,24,19,38,36,31,46,48
ST00010517,5,11,13,22,21,33,35,32,40,55
ST00010518,2,13,12,22,16,30,30,30,38,41
ST00010519,4,6,13,20,13,20,28,23,34,30
ST00010524,5,12,16,19,18,18,26,24,37,35
ST00010529,3,14,17,16,16,26,14,28,34,48
ST00010531,0,16,23,16,28,27,38,39,42,45
ST00010532,7,10,17,21,19,16,31,23,40,26
ST00010567,0,5,15,10,28,27,40,35,43,30
ST00010568,2,7,20,28,28,30,33,41,48,49
ST00010569,3,8,22,26,28,27,45,39,42,53
ST00010578,0,4,16,16,24,33,33,41,49,33
ST00010579,3,17,8,22,16,26,17,35,35,37
ST00010580,1,11,19,20,29,32,26,26,33,48
ST00010581,3,8,11,14,34,41,35,36,32,39
ST00010582,4,9,22,19,18,27,32,38,35,44
ST00010615,5,11,14,17,33,40,31,51,45,47
ST00010617,6,10,13,24,17,29,21,37,24,40
ST00010618,3,13,15,26,28,35,42,41,48,52
ST00010623,0,6,4,10,20,15,30,27,27,22
ST00010624,4,11,9,22,21,32,52,41,48,41
ST00010640,4,12,19,26,22,41,35,40,43,60
ST00010656,2,11,23,21,22,20,39,38,36,39
ST00010657,7,9,18,22,19,16,28,26,39,28
ST00010668,2,12,23,22,19,28,28,23,40,47
ST00010669,5,9,13,14,33,40,38,44,52,36
ST00010680,2,7,11,17,20,47,39,36,36,31
ST00010741,1,11,15,22,39,36,46,36,55,58
ST00010742,1,10,18,20,39,37,48,35,55,57
ST00010748,2,15,18,17,24,21,29,27,40,36
ST00010749,3,15,21,14,23,21,22,29,34,46
ST00010750,6,11,12,21,22,22,19,40,21,36
ST00010754,5,9,14,25,17,23,32,38,34,39
ST00010757,7,11,14,12,29,45,29,36,57,42
ST00010759,7,11,12,16,32,44,32,49,43,47
ST00010770,8,9,14,24,20,18,28,30,32,32
ST00010740,5,8,13,24,24,45,32,47,49,43
ST00010771,2,13,15,17,22,31,26,29,35,31
ST00010772,4,8,15,29,32,22,29,30,48,52
ST00010782,1,9,18,11,34,40,36,37,38,41
ST00010783,3,6,17,14,29,41,35,40,33,43
ST00010786,2,9,14,19,23,35,45,47,51,30
ST00010812,9,11,14,14,32,42,34,43,45,53
ST00010824,3,11,13,17,30,43,36,51,44,45
ST00010829,2,8,21,29,31,30,37,40,48,56
ST00010841,3,12,21,19,20,21,24,36,42,40
ST00010856,7,11,14,21,24,18,26,24,39,33
ST00010861,2,10,8,16,20,18,29,34,24,43
ST00010862,3,8,9,16,17,22,29,28,27,45
ST00010883,2,11,11,28,33,37,32,47,44,56
ST00010892,6,14,13,22,21,22,28,21,38,34
ST00010893,2,12,20,15,26,32,28,31,24,50
ST00010907,3,7,13,20,27,39,41,45,49,38
ST00010911,0,9,10,15,26,40,35,41,31,42
ST00010918,0,4,12,21,21,31,38,49,34,39
ST00010927,2,7,14,19,26,33,38,31,40,36
ST00010928,6,15,15,18,26,39,42,39,40,59
ST00010933,9,11,14,15,31,42,36,45,43,54
ST00010937,3,6,11,16,31,41,39,34,34,36
ST00010938,3,11,10,19,23,28,45,47,53,30
ST00010939,5,10,12,18,16,22,24,29,32,41
ST00010957,2,6,19,27,32,30,25,44,48,42
ST00010953,6,15,13,23,25,39,37,40,43,53
ST00010968,2,8,11,24,23,38,35,29,37,39
ST00010992,3,4,22,22,20,36,30,32,36,34
ST00010993,5,14,13,17,24,22,27,29,24,31
ST00000180,3,12,6,28,32,33,31,31,34,50
ST00000470,0,16,12,16,30,44,54,37,44,60
ST00000566,3,8,14,17,14,18,27,24,35,31
ST00000567,2,9,16,14,18,17,26,23,37,29
ST00000576,0,10,11,20,19,30,34,38,49,40
ST00000886,1,1,6,10,16,19,15,22,25,40
ST00000902,4,10,13,17,32,42,39,48,42,52
ST00000930,5,8,14,23,19,31,37,36,34,56
ST00010684,3,5,16,26,18,16,20,30,39,65
ST00010685,1,2,10,15,18,14,21,37,32,42
ST00010686,4,12,13,14,14,19,23,42,51,68
ST00010687,3,13,11,11,16,17,25,35,47,54
ST00010688,1,8,12,10,16,17,26,30,31,38
ST00010689,3,8,17,19,18,19,17,34,44,60
ST00010690,3,7,15,26,18,19,15,41,61,59
ST00010691,3,9,18,18,18,28,36,48,54,37
ST00010700,4,12,9,21,19,36,43,44,50,43
ST00010717,1,3,10,11,23,10,26,29,32,47
ST00010159,4,13,11,14,15,19,21,39,52,61
ST00010789,2,6,7,6,17,15,15,19,27,28
ST00010790,1,3,13,17,13,26,25,21,46,33
ST00010791,5,6,8,6,8,12,15,27,22,33
ST00010792,4,8,7,5,10,11,14,29,20,34
ST00010793,3,6,7,6,8,2,16,20,29,23
ST00010796,1,5,14,11,17,23,23,19,36,52
ST00010801,6,4,7,8,6,11,13,26,23,31
ST00010805,0,11,10,10,8,20,19,29,29,23
ST00010806,2,7,6,13,27,24,19,20,26,36
ST00010834,3,6,7,21,16,23,25,26,20,38
ST00010839,3,6,8,18,18,23,27,23,30,31
ST00010869,4,7,5,7,8,15,7,28,21,30
ST00010886,1,7,8,14,8,18,21,25,24,29
ST00010887,3,3,12,11,21,12,22,31,25,29
ST00010888,0,6,6,4,10,6,7,20,24,27
ST00010889,1,3,7,5,6,8,6,16,14,33
ST00010897,3,6,6,17,18,17,26,26,24,29
ST00010983,3,3,10,12,26,28,14,20,18,42
ST00011005,1,8,7,4,17,13,14,22,23,25
ST00011023,1,1,3,6,11,8,14,14,20,32
ST00011032,4,9,17,16,25,28,29,52,53,48
ST00011033,3,9,21,12,23,33,37,49,49,42
ST00000132,4,11,9,21,20,32,46,43,51,40
ST00000146,2,10,14,24,23,14,22,42,59,66
ST00000147,0,6,16,18,17,32,29,32,31,45
ST00000151,0,11,11,11,12,21,26,40,34,45
ST00000156,1,5,9,19,25,20,26,27,44,48
ST00000157,0,11,13,18,20,29,27,34,40,51
ST00000158,3,8,6,10,5,7,16,21,32,30
ST00000372,5,9,15,16,21,37,40,50,46,45
ST00000487,2,4,8,12,25,28,17,15,20,36
ST00000611,2,9,18,18,25,15,30,41,53,52
ST00000612,2,4,4,12,24,20,22,16,22,30
ST00000613,1,5,9,16,28,25,32,20,58,42
ST00000618,0,7,12,13,20,18,23,28,19,43
ST00000667,2,7,15,21,17,21,21,25,36,66
ST00000668,1,11,4,10,14,17,20,22,23,36
ST00000669,1,9,10,13,12,18,28,28,43,34
ST00000763,1,1,1,5,10,7,10,15,17,32
ST00000776,4,6,6,6,7,14,9,23,26,27
ST00000903,1,14,16,17,24,32,43,45,55,52
ST00000963,2,7,3,6,8,5,12,13,27,29
ST00000904,3,12,12,11,14,20,31,34,43,59
ST00010285,1,8,10,20,20,17,28,21,26,19
ST00010286,3,7,13,20,16,23,30,21,24,26
ST00010287,1,7,9,19,26,23,18,25,25,23
ST00010288,4,9,9,16,17,14,19,24,22,18
ST00010289,2,8,17,18,16,22,23,30,18,29
ST00010290,2,12,14,16,21,38,25,24,36,23
ST00010310,3,8,15,14,15,17,19,20,25,23
ST00010314,3,3,11,20,23,15,21,22,20,29
ST00010315,3,8,17,11,13,20,17,17,23,21
ST00000199,1,0,4,4,8,14,17,13,16,7
ST00000200,2,5,11,15,16,21,35,34,30,36
ST00000201,2,8,8,11,17,30,34,27,35,35
ST00000232,0,7,10,13,13,23,24,20,38,26
ST00000233,0,4,1,19,10,14,15,15,15,15
ST00000234,2,6,12,9,15,14,14,18,14,19
ST00000246,2,5,12,12,17,32,44,25,40,35
ST00000269,0,8,13,15,32,25,33,41,42,27
ST00000270,1,12,11,14,12,12,21,18,19,24
ST00000271,2,6,7,14,13,12,10,14,20,15
ST00010322,0,4,5,15,11,14,19,19,18,23
ST00000272,1,8,6,14,11,16,9,10,21,17
ST00000273,2,4,8,14,13,10,8,14,20,12
ST00000291,2,8,10,10,18,28,32,30,34,35
ST00000301,0,6,6,5,10,10,14,11,17,23
ST00000302,0,11,12,18,16,15,22,19,23,28
ST00000303,3,2,16,11,23,15,20,18,23,21
ST00000375,2,6,16,11,12,17,18,31,30,23
ST00000376,1,9,6,16,11,9,16,20,27,27
ST00000453,4,9,15,15,21,40,21,26,22,27
ST00000547,4,6,10,15,17,16,22,24,16,19
ST00000643,1,2,2,6,7,5,14,8,12,18
ST00000644,1,1,1,4,5,8,9,19,12,10
ST00000645,1,0,2,2,7,4,10,9,18,13
ST00000652,3,2,12,11,6,20,18,21,16,21
ST00000377,3,3,9,22,16,19,20,26,21,24
ST00000378,3,4,8,22,15,20,18,25,22,25
ST00000705,4,9,8,17,16,15,20,23,22,19
ST00000855,1,9,12,25,15,24,21,27,25,17
ST00000869,1,8,15,7,17,11,18,15,24,16
ST00000962,3,9,16,17,16,31,26,23,23,20
ST00000978,2,6,7,10,13,14,19,18,19,23
ST00000977,1,3,2,5,11,11,21,8,12,17
ST00000996,1,2,5,13,18,18,16,17,30,35
ST00000995,1,6,13,11,15,15,20,25,31,27
ST00010332,2,9,9,22,31,19,38,25,13,21
ST00010333,0,7,17,15,18,27,22,18,17,29
ST00010334,3,2,10,7,12,15,19,20,16,22
ST00010398,0,6,13,10,11,17,19,17,20,13
ST00010399,2,3,6,8,13,10,21,17,17,20
ST00010400,4,6,10,18,18,17,20,21,22,15
ST00010401,1,6,9,11,13,14,15,17,21,15
ST00010402,1,6,21,13,22,23,18,28,24,20
ST00010403,2,7,15,19,21,26,25,29,20,14
ST00010432,0,2,5,11,13,14,14,17,19,14
ST00010433,4,3,8,12,9,12,16,12,23,27
ST00010450,1,8,11,14,11,10,19,18,12,21
ST00010451,2,4,8,14,18,20,21,18,20,21
ST00010452,2,3,11,9,18,9,8,20,15,14
ST00010453,2,2,9,13,14,17,16,22,28,25
ST00010457,3,6,9,8,11,15,15,16,21,28
ST00010475,0,5,7,9,16,13,16,19,21,15
ST00010476,1,7,11,11,16,14,24,25,33,25
ST00010482,0,8,2,7,8,16,11,19,19,10
ST00010488,5,7,9,15,16,13,25,25,13,21
ST00010489,0,7,9,21,16,22,16,28,20,31
ST00010508,2,8,10,20,30,25,34,25,16,24
ST00010509,0,8,14,15,22,35,28,30,35,31
ST00010510,2,7,14,10,20,26,36,26,33,30
ST00010511,2,6,10,17,14,31,41,29,39,40
ST00010520,2,10,8,12,21,34,26,40,34,37
ST00010521,0,4,18,23,26,20,34,40,41,20
ST00010533,3,3,9,20,17,20,18,26,21,24
ST00010548,1,2,10,17,12,18,17,21,22,35
ST00010549,0,12,8,9,20,19,23,40,28,32
ST00010029,1,11,7,18,9,24,30,30,25,36
ST00010586,4,7,12,11,15,19,18,22,14,20
ST00010587,4,9,11,10,12,19,19,19,18,20
ST00010604,2,8,15,16,21,14,18,24,26,23
ST00010605,0,2,10,7,14,18,15,12,17,21
ST00010606,1,9,14,10,17,15,25,26,31,21
ST00010616,0,8,10,19,31,30,18,26,17,23
ST00010631,0,8,13,25,29,22,30,32,30,36
ST00010632,1,12,4,19,22,25,25,28,24,19
ST00010652,1,6,10,15,10,20,23,19,20,22
ST00010653,3,7,15,16,22,15,20,24,28,18
ST00010654,3,6,18,15,23,23,25,27,26,10
ST00010674,2,5,15,11,24,16,21,17,24,23
ST00010676,0,3,8,16,14,8,22,10,15,20
ST00010683,3,5,8,7,11,13,10,17,20,25
ST00010712,1,3,9,10,21,24,17,18,24,18
ST00010713,1,0,2,8,8,10,23,25,14,19
ST00010714,0,1,1,3,4,6,11,20,21,31
ST00010747,3,14,12,17,24,21,32,20,33,23
ST00010773,2,6,6,11,13,9,11,19,24,23
ST00010802,1,6,9,16,15,19,11,25,17,20
ST00010816,0,9,11,27,17,27,28,24,20,16
ST00010817,3,7,14,18,29,30,28,25,19,28
ST00010818,0,6,8,19,17,19,16,24,30,39
ST00010844,0,3,7,12,11,11,16,18,17,17
ST00010849,2,12,13,17,21,38,25,23,37,23
ST00010864,1,0,0,7,10,7,16,22,19,17
ST00010901,4,15,10,17,25,19,30,22,29,31
ST00010902,3,12,10,19,18,33,28,27,17,27
ST00010929,2,5,12,13,16,6,15,19,14,16
ST00010930,4,3,13,15,14,22,18,25,18,17
ST00010931,1,8,8,11,12,17,26,23,25,40
ST00010941,0,8,10,21,26,33,31,15,30,27
ST00010945,1,8,17,19,15,20,22,30,26,24
ST00010946,3,8,14,12,9,19,19,16,21,24
ST00010951,0,3,3,6,6,13,10,14,15,9
ST00010987,1,8,13,11,14,13,19,27,27,28
ST00011001,3,6,9,8,12,12,13,15,20,30
ST00011002,3,10,9,11,19,23,32,29,24,40
ST00011003,1,4,7,5,10,13,15,12,14,17
ST00011014,4,6,10,17,13,22,21,20,23,14
ST00011015,1,5,8,6,14,15,12,6,18,18
ST00011019,1,4,8,13,14,27,20,22,15,21
ST00011020,0,1,0,2,2,3,2,14,15,27
ST00011031,2,6,13,13,21,28,38,18,32,33
ST00000152,0,4,9,13,13,10,23,21,20,21
ST00000197,2,6,5,11,12,8,9,18,20,25
ST00000198,0,5,7,10,11,14,14,14,19,21
ST00010376,2,10,9,14,27,32,46,28,55,56
ST00010377,4,10,9,24,31,47,53,51,41,50
ST00010378,5,7,14,23,27,28,44,50,54,63
ST00010379,4,7,18,20,21,29,41,50,61,78
ST00010380,2,9,9,18,52,45,62,46,54,48
ST00010381,1,6,13,20,44,44,50,69,51,51
ST00010542,6,6,12,22,28,39,46,56,54,54
ST00010667,5,5,17,22,23,31,45,60,57,62
ST00011029,3,10,14,21,28,47,54,51,39,44
ST00000784,5,11,15,11,16,23,25,40,55,76
ST00010382,8,11,6,14,15,26,35,49,53,58
ST00010383,6,12,9,16,13,22,37,47,59,62
ST00010384,4,12,17,13,13,21,26,41,60,81
ST00010492,4,11,10,19,17,29,37,61,65,69
ST00010493,5,13,9,11,13,20,36,37,44,65
ST00010543,5,9,10,14,20,32,41,41,63,51
ST00010722,5,7,14,21,26,34,43,56,63,59
ST00010723,9,9,7,15,15,26,37,47,55,59
ST00010808,2,8,18,14,21,24,44,66,65,65
ST00010843,6,10,10,17,19,27,37,59,60,74
ST00010873,5,10,12,7,22,27,34,39,41,64
ST00010881,1,11,20,16,19,18,26,46,69,80
ST00010984,4,9,8,15,29,34,41,56,56,50
ST00000351,8,11,7,13,14,24,36,40,51,62
ST00000713,6,5,14,24,25,45,46,55,47,50
ST00000998,5,11,12,8,19,25,32,40,44,62
ST00010386,7,17,17,17,25,39,45,33,44,56
ST00010387,5,11,24,18,27,32,46,44,42,50
ST00010611,1,4,10,25,37,54,45,43,47,65
ST00010666,2,9,17,29,40,35,39,65,54,65
ST00000629,2,6,9,18,31,46,43,54,51,46
ST00000636,1,5,15,27,41,46,43,45,54,57
ST00000637,2,6,9,28,36,51,47,46,52,67
ST00000744,1,5,12,18,39,40,43,43,43,55
ST00010390,3,9,24,11,23,32,21,37,35,43
ST00010391,4,16,11,29,20,24,37,34,40,44
ST00010392,3,9,9,6,15,30,18,27,35,34
ST00010647,1,6,11,16,19,23,17,35,29,44
ST00010665,2,7,10,11,21,25,15,36,29,41
ST00010807,1,3,17,21,17,20,27,36,31,51
ST00010813,7,15,21,16,24,31,43,40,36,37
ST00010891,1,13,9,21,22,26,23,28,41,45
ST00010977,2,11,23,23,24,38,38,48,35,50
ST00011018,8,11,26,12,27,28,50,31,44,43
ST00000213,1,3,13,26,31,13,34,22,47,51
ST00000461,8,13,23,12,27,33,46,34,42,46
ST00000777,2,9,21,14,24,29,24,34,36,45
ST00000887,4,12,16,26,25,30,42,39,41,45
ST00010393,5,10,9,11,17,24,28,28,27,39
ST00010394,4,4,9,9,6,16,30,25,25,32
ST00010395,3,3,9,7,10,16,19,28,33,24
ST00010396,0,13,17,17,20,24,30,33,32,29
ST00010397,5,10,9,14,13,19,34,28,27,35
ST00010721,4,9,8,6,14,19,28,29,25,36
ST00010765,2,10,16,16,12,20,41,30,25,33
ST00010795,2,12,18,17,19,28,30,35,30,39
ST00010819,5,11,9,11,19,24,36,21,30,39
ST00010842,4,7,8,7,7,22,30,27,29,31
ST00010910,4,6,12,16,16,20,29,32,30,28
ST00010999,6,6,11,5,15,30,25,27,28,37
ST00011030,3,1,11,6,11,11,27,28,23,35
ST00000383,5,9,9,8,13,24,30,32,24,38
ST00000482,4,10,11,5,24,25,29,23,29,43
ST00010990,1,3,4,9,18,16,12,12,7,35
ST00011027,2,1,5,9,14,16,14,9,17,22
ST00011028,1,2,7,12,6,14,11,17,18,25
ST00000131,2,3,3,10,13,19,9,14,16,20
ST00000535,2,3,4,8,8,13,13,27,16,17
ST00000539,1,5,9,8,11,20,14,9,18,33
ST00000726,0,3,3,5,13,12,21,20,18,16
ST00000859,2,2,4,8,7,17,15,23,15,19
ST00010973,4,4,9,15,10,12,20,32,29,25
ST00010974,4,4,2,11,9,15,11,18,23,28
ST00010975,1,7,9,7,14,13,17,19,33,25
ST00010985,1,7,8,9,15,12,14,21,32,27
ST00010986,0,6,6,11,14,16,11,16,19,26
ST00000370,4,4,1,11,9,16,11,17,24,28
ST00000538,1,7,9,15,9,8,22,21,33,28
ST00000633,2,4,3,4,14,8,12,16,22,25
ST00000767,4,3,4,15,7,17,11,15,31,30
ST00000892,0,4,4,1,6,13,13,16,15,24
ST00010967,3,9,5,13,13,14,20,33,31,20
ST00010961,2,3,14,25,21,34,25,20,26,23
ST00010962,3,3,9,27,23,27,23,21,26,25
ST00010963,1,8,14,24,33,22,26,22,22,39
ST00011024,1,9,10,12,21,24,37,17,16,29
ST00000467,3,10,5,13,12,14,23,32,32,18
ST00000468,3,10,5,14,11,15,22,30,34,18
ST00000469,4,5,9,9,15,23,27,25,33,15
ST00000537,0,7,14,13,13,20,20,30,24,22
ST00000541,3,7,8,10,19,25,32,25,21,23
ST00000647,1,5,14,14,22,36,25,20,19,25
ST00000648,1,8,6,20,19,17,27,23,21,29
ST00000716,3,4,12,20,20,28,24,22,25,31
ST00000842,2,8,6,8,20,32,19,33,19,24
ST00000893,3,4,9,25,21,27,22,22,24,20
ST00010964,2,5,11,18,23,29,28,23,21,26
ST00010965,2,4,12,24,12,23,21,37,32,23
ST00010966,2,8,12,15,13,23,23,32,33,24
ST00011025,0,4,9,23,19,23,22,31,26,29
ST00000591,0,2,8,8,7,10,13,15,10,15
ST00000592,0,4,7,10,9,8,17,13,15,17
ST00000593,1,3,9,6,8,10,14,19,22,19
ST00000888,3,2,4,7,11,13,16,15,25,16
ST00000594,3,4,6,3,7,9,11,8,14,11
ST00000843,2,6,3,6,5,11,7,12,12,15
ST00000595,0,1,5,9,10,3,9,13,12,12
ST00000596,5,4,6,7,8,4,9,17,15,17
ST00000597,1,8,3,7,2,10,9,16,9,17
ST00000698,1,6,10,12,4,5,11,12,13,28
ST00000722,2,3,10,2,6,14,4,13,11,12
ST00000728,2,5,12,6,6,7,9,13,18,22
ST00000736,4,5,5,7,4,12,6,16,14,16
ST00000737,4,5,5,7,4,12,6,16,14,16
ST00000738,4,5,5,7,4,12,6,16,14,16
ST00000739,4,5,7,5,7,9,10,14,17,21
ST00000761,2,9,4,4,8,8,11,8,13,14
ST00000498,1,4,7,9,7,17,9,9,9,23
ST00000598,0,3,5,6,9,25,8,14,10,22
ST00000769,1,4,6,15,10,10,7,8,22,20
ST00000768,2,4,5,12,9,14,8,9,15,20
ST00000873,0,7,1,8,18,13,14,19,17,16
ST00000599,1,1,12,12,8,17,14,13,18,27
ST00000727,0,5,7,13,10,14,12,18,21,18
ST00000729,1,2,6,14,9,18,22,26,23,16
ST00000770,2,7,7,9,13,20,29,25,32,18
ST00000871,1,4,10,10,8,12,34,21,20,21
ST00000872,2,7,10,5,14,20,22,36,26,17
ST00000601,1,0,2,1,2,5,7,7,6,6
ST00000602,1,1,0,3,1,6,6,10,6,5
ST00000603,1,1,1,7,2,7,7,17,17,17
ST00000604,1,1,1,5,3,6,7,11,16,19
ST00000662,0,1,1,1,5,4,10,5,7,11
ST00000605,0,3,3,1,5,8,13,15,23,18
ST00000606,2,1,0,4,3,6,15,14,14,26
ST00000607,2,0,2,6,2,13,8,18,20,28
ST00000608,2,0,2,6,2,11,10,18,19,25
ST00000666,0,1,8,11,11,14,23,18,25,38
ST00000858,0,0,5,6,11,13,23,22,12,20
ST00010358,3,6,7,1,4,6,5,12,12,11
ST00010359,3,7,6,4,6,7,17,8,7,10
ST00010360,4,7,3,4,4,6,5,14,12,7
ST00010361,6,4,5,5,5,4,9,14,10,12
ST00010362,1,7,6,4,5,7,7,11,17,12
ST00010363,0,5,7,4,3,2,6,7,11,14
ST00010436,0,4,7,6,4,11,6,9,7,4
ST00010456,3,8,5,5,6,6,16,8,8,10
ST00010469,0,7,6,2,4,6,9,7,10,8
ST00010470,4,5,7,1,4,6,6,12,12,12
ST00010473,0,1,3,8,3,3,3,3,7,10
ST00010603,2,7,7,7,5,12,12,5,7,12
ST00010694,0,4,10,7,8,10,9,6,7,3
ST00010328,2,9,3,4,6,4,11,11,7,9
ST00010364,4,8,8,6,5,8,7,8,5,8
ST00010366,1,8,13,7,8,9,6,7,4,6
ST00010367,1,2,11,10,16,13,11,9,5,5
ST00010368,0,3,9,12,12,12,10,12,8,4
ST00010369,1,6,8,7,7,9,13,18,6,12
ST00010372,2,2,5,10,6,9,8,6,5,5
ST00010373,2,13,4,7,5,9,7,8,5,9
ST00010374,2,5,11,8,9,8,14,11,7,3
ST00010435,1,7,10,12,9,11,9,3,6,7
ST00010439,2,10,11,1,12,8,11,4,9,5
ST00010440,6,6,7,4,8,6,8,5,7,9
ST00010454,3,5,11,7,14,10,9,4,8,5
ST00010459,2,7,8,4,9,4,7,6,6,12
ST00010474,3,5,13,6,5,10,5,17,4,8
ST00010479,0,0,7,4,14,11,9,3,2,7
ST00010487,0,3,5,8,8,5,4,11,11,10
ST00010494,3,6,6,7,4,10,3,7,6,7
ST00010495,0,4,10,13,13,7,10,3,5,9
ST00010499,1,2,7,8,16,5,16,16,12,10
ST00010500,3,1,3,5,10,5,10,7,6,4
ST00010501,0,3,2,1,4,12,9,11,5,3
ST00010522,0,1,7,3,10,6,8,2,5,8
ST00010593,5,3,9,6,6,7,5,8,6,5
ST00010594,4,3,13,7,5,5,10,15,8,6
ST00010431,3,7,11,6,10,8,10,5,3,9
ST00010441,4,5,7,4,12,2,6,7,6,12
ST00010695,0,1,7,9,10,19,13,18,11,12
ST00010696,2,5,11,9,2,4,8,14,10,8
ST00010781,0,7,10,6,7,12,14,7,11,6
ST00010913,0,3,7,5,10,18,9,8,13,10
ST00000190,1,2,8,2,8,14,12,7,11,10
ST00000217,0,5,10,10,12,8,4,3,10,2
ST00000216,1,1,3,4,6,8,7,7,12,10
ST00000411,3,7,10,7,4,5,10,7,14,6
ST00000679,1,2,11,9,16,13,7,13,6,4
ST00000680,1,8,11,5,5,5,11,7,3,6
ST00000681,3,7,9,6,6,5,8,6,5,5
ST00000682,1,3,1,3,5,11,7,9,7,6
ST00000683,2,2,4,5,10,4,10,8,7,2
ST00000684,1,2,7,3,7,14,13,7,11,11
ST00000685,1,1,2,4,7,8,7,7,13,9
ST00000932,0,3,1,6,11,7,14,13,7,13
ST00000686,0,0,5,8,6,6,8,6,16,21
ST00000687,0,1,1,2,6,5,7,7,12,10
ST00000688,0,1,1,5,3,7,10,15,23,18
ST00000844,0,1,0,2,2,4,5,8,9,10
ST00010658,1,3,1,2,3,6,5,14,9,16
ST00010659,0,3,2,2,6,2,4,2,6,10
ST00010660,0,2,0,4,4,6,5,8,12,15
ST00010661,1,3,3,1,6,10,13,10,11,6
ST00010662,0,3,1,3,3,1,2,4,4,5
ST00010663,0,2,7,7,7,8,11,12,14,8
ST00010677,0,3,3,5,2,4,3,4,9,13
ST00010678,1,3,2,2,8,12,10,10,9,6
ST00010679,2,3,0,6,10,12,11,12,6,7
ST00010699,0,1,2,1,2,3,3,1,5,3
ST00010715,1,3,3,3,7,7,14,8,14,5
ST00010751,1,3,1,3,8,5,18,8,17,10
ST00010752,1,3,1,2,5,5,4,14,10,16
ST00010760,0,1,10,5,14,14,11,8,8,17
ST00010761,1,1,3,6,12,8,15,9,5,9
ST00010762,0,1,2,4,5,5,3,7,6,13
ST00010774,0,4,1,6,6,5,9,14,10,14
ST00010858,1,2,2,7,7,6,15,7,13,16
ST00000205,0,3,2,3,4,1,5,3,6,8
ST00000928,1,3,1,2,8,7,14,8,17,13
